option_type,strike,expiry,mid,T,implied_vol,yf_implied_vol,volume
put,50.0,2027-06-17,0.03,1.0904109589041096,0.8240340115550638,0.8125018749999999,5
put,50.0,2028-06-16,0.08,2.0904109589041098,0.6558749495238703,0.6367223828125,2
put,55.0,2027-06-17,0.035,1.0904109589041096,0.8040616603731658,0.789064609375,3
put,60.0,2027-06-17,0.04,1.0904109589041096,0.7851049154346387,0.77148666015625,5
put,60.0,2028-06-16,0.16,2.0904109589041098,0.6526062513537345,0.2500075,2
put,65.0,2027-06-17,0.065,1.0904109589041096,0.791589784753537,0.7773459765625,1
put,65.0,2028-06-16,0.19,2.0904109589041098,0.6426819401954031,0.2500075,1
put,70.0,2027-06-17,0.060000000000000005,1.0904109589041096,0.7618123881018709,0.7480493945312501,2
put,70.0,2028-06-16,0.14,2.0904109589041098,0.6040548957362836,0.5844768115234374,15
put,75.0,2027-06-17,0.07,1.0904109589041096,0.7493220225329635,0.73633076171875,1
put,75.0,2028-06-16,0.16,2.0904109589041098,0.5941487189122833,0.5742230078125,10
put,80.0,2027-06-17,0.08,1.0904109589041096,0.7367585016598135,0.7226590234375,1
put,85.0,2027-06-17,0.09,1.0904109589041096,0.7242901673309895,0.710940390625,1
put,90.0,2027-06-17,0.19,1.0904109589041096,0.7578291231972689,0.500005,300
put,90.0,2028-06-16,0.245,2.0904109589041098,0.5716678070767014,0.5512740185546876,1
put,95.0,2027-06-17,0.115,1.0904109589041096,0.7029091451814515,0.6884796777343751,10
put,95.0,2028-06-16,0.43999999999999995,2.0904109589041098,0.5949454266583809,0.5732464550781251,2
put,100.0,2027-06-17,0.13,1.0904109589041096,0.6934919941804821,0.6796907031250001,1
put,100.0,2028-06-16,0.32,2.0904109589041098,0.5595195366685055,0.5385788330078126,20
put,105.0,2027-06-17,0.23,1.0904109589041096,0.7166053549464106,0.2500075,1
put,105.0,2028-06-16,0.43,2.0904109589041098,0.5648630727565126,0.2500075,1
put,110.0,2027-06-17,0.195,1.0904109589041096,0.6878550873366818,0.6728548339843752,0
put,110.0,2028-06-16,0.77,2.0904109589041098,0.5928339845630595,0.2500075,9
put,115.0,2027-06-17,0.18,1.0904109589041096,0.6666087699737517,0.6523472265625001,1
put,115.0,2028-06-16,0.44999999999999996,2.0904109589041098,0.5420652082324741,0.5205126074218749,20
put,120.0,2027-06-17,0.2,1.0904109589041096,0.6586446463549802,0.6440465283203125,3
put,120.0,2028-06-16,0.5,2.0904109589041098,0.5367215100043148,0.5151415673828125,1
put,125.0,2027-06-17,0.41,1.0904109589041096,0.6964402395275043,0.2500075,0
put,125.0,2028-06-16,0.62,2.0904109589041098,0.5390676593911504,0.5168505346679688,0
put,130.0,2027-06-17,0.25,1.0904109589041096,0.6451099014584175,0.6303747900390625,1
put,130.0,2028-06-16,0.605,2.0904109589041098,0.5260109040167733,0.5039112109375,3
put,135.0,2027-06-17,0.45,1.0904109589041096,0.6742562520245644,0.2500075,2
put,135.0,2028-06-16,0.66,2.0904109589041098,0.5206880892200447,0.5003712072753908,9
put,140.0,2027-06-17,0.59,1.0904109589041096,0.6820986339263114,0.2500075,1
put,140.0,2028-06-16,0.72,2.0904109589041098,0.5157116554105438,0.495122236328125,3
put,145.0,2027-06-17,0.43,1.0904109589041096,0.6433277858419119,0.6276892700195313,0
put,145.0,2028-06-16,0.78,2.0904109589041098,0.5105987699938238,0.4896291271972657,3
put,150.0,2027-06-17,0.35,1.0904109589041096,0.6157419913798767,0.6005899316406251,10
put,150.0,2028-06-16,0.845,2.0904109589041098,0.5057881948920422,0.4848684326171875,3
put,155.0,2027-06-17,0.38,1.0904109589041096,0.6091874043297476,0.5937540625000001,10
put,155.0,2028-06-16,0.91,2.0904109589041098,0.5008651293531363,0.47937532348632805,3
put,160.0,2027-06-17,0.41500000000000004,1.0904109589041096,0.6033654099133341,0.58789474609375,5
put,160.0,2028-06-16,1.335,2.0904109589041098,0.518175875237389,0.49597671997070314,0
put,165.0,2027-06-17,0.45,1.0904109589041096,0.5973532699235456,0.5817912915039063,40
put,165.0,2028-06-16,1.045,2.0904109589041098,0.49113430739753117,0.4694877270507813,3
put,170.0,2027-06-17,0.48,1.0904109589041096,0.5904764430124597,0.5747112841796875,220
put,170.0,2028-06-16,1.63,2.0904109589041098,0.5138586033298577,0.2500075,0
put,175.0,2027-06-17,0.52,1.0904109589041096,0.5849574772853962,0.5690961059570312,8
put,180.0,2027-06-17,0.56,1.0904109589041096,0.5792793583258603,0.5634809277343751,1
put,180.0,2028-06-16,1.5150000000000001,2.0904109589041098,0.4898644056935547,0.4666801379394532,8
put,185.0,2027-06-17,1.16,1.0904109589041096,0.6255614403899287,0.2500075,1
put,185.0,2028-06-16,2.02,2.0904109589041098,0.5027604447025287,0.12500875,1
put,190.0,2027-06-17,1.09,1.0904109589041096,0.6088914545955149,0.2500075,10
put,190.0,2028-06-16,1.42,2.0904109589041098,0.46804525477223424,0.44501287414550783,6
put,195.0,2027-06-17,0.6799999999999999,1.0904109589041096,0.5616556586414164,0.5455367712402344,70
put,195.0,2028-06-16,1.665,2.0904109589041098,0.47086976947358045,0.44739322143554683,4
put,200.0,2027-06-17,0.72,1.0904109589041096,0.5556708220287069,0.5395553857421876,2
put,200.0,2028-06-16,1.58,2.0904109589041098,0.459041496580911,0.43567458862304687,2
put,205.0,2027-06-17,0.77,1.0904109589041096,0.5505950044691097,0.5343064147949219,1
put,205.0,2028-06-16,1.67,2.0904109589041098,0.4549246928262721,0.4313411358642578,5
put,210.0,2027-06-17,1.33,1.0904109589041096,0.5830849615290365,0.565556102294922,6
put,210.0,2028-06-16,2.5300000000000002,2.0904109589041098,0.47771443310537315,0.452703226928711,1
put,215.0,2027-06-17,1.74,1.0904109589041096,0.5964114147871156,0.2500075,1
put,215.0,2028-06-16,1.85,2.0904109589041098,0.4465627137481847,0.4226131958007812,9
put,220.0,2027-06-17,0.91,1.0904109589041096,0.5340013753186521,0.5174608801269531,110
put,220.0,2028-06-16,1.94,2.0904109589041098,0.44234003302073166,0.4182187084960937,1
put,225.0,2027-06-17,0.96,1.0904109589041096,0.5286482479294378,0.5119677709960937,3
put,225.0,2028-06-16,2.04,2.0904109589041098,0.43844306061530935,0.4141293939208984,9
put,230.0,2027-06-17,1.02,1.0904109589041096,0.523965567912356,0.5072070764160157,1
put,230.0,2028-06-16,2.135,2.0904109589041098,0.4343434977349833,0.4100400793457031,3
put,235.0,2028-06-16,2.235,2.0904109589041098,0.43038442053217396,0.4059202474975586,33
put,240.0,2027-06-17,1.13,1.0904109589041096,0.513684708647037,0.4973194799804688,80
put,240.0,2028-06-16,2.34,2.0904109589041098,0.42655260257037303,0.40180041564941404,3
put,245.0,2027-06-17,2.18,1.0904109589041096,0.5578589752797526,0.2500075,1
put,245.0,2028-06-16,2.4450000000000003,2.0904109589041098,0.422692027074211,0.39789420471191406,3
put,250.0,2027-06-17,1.24,1.0904109589041096,0.5032618480929906,0.4866994689941406,76
put,250.0,2028-06-16,2.5549999999999997,2.0904109589041098,0.4189478779374705,0.39398799377441407,8
put,255.0,2027-06-17,1.3050000000000002,1.0904109589041096,0.4985788721720197,0.4821829125976563,4
put,255.0,2028-06-16,2.665,2.0904109589041098,0.41517717327162923,0.39002074829101563,6
put,260.0,2027-06-17,1.37,1.0904109589041096,0.49383723580600086,0.4770560107421875,1
put,260.0,2028-06-16,2.785,2.0904109589041098,0.41164019798977924,0.3863281582641601,3
put,265.0,2027-06-17,2.285,1.0904109589041096,0.5260175104600473,0.5074512145996093,3
put,265.0,2028-06-16,2.9050000000000002,2.0904109589041098,0.4080690032976403,0.3825745336914062,20
put,270.0,2027-06-17,1.5,1.0904109589041096,0.4842217817416091,0.4672904833984375,254
put,270.0,2028-06-16,3.025,2.0904109589041098,0.4044690350706132,0.3788514263916015,10
put,275.0,2027-06-17,1.57,1.0904109589041096,0.4795985962351089,0.46252978881835943,1
put,275.0,2028-06-16,3.1500000000000004,2.0904109589041098,0.4009596800109465,0.37525038818359374,5
put,280.0,2027-06-17,1.635,1.0904109589041096,0.4747110253393182,0.4577690942382813,9
put,280.0,2028-06-16,3.275,2.0904109589041098,0.39742432514904025,0.3714662463378906,1
put,285.0,2027-06-17,3.02,1.0904109589041096,0.5167155624018501,0.12500875,4
put,285.0,2028-06-16,3.4050000000000002,2.0904109589041098,0.3939725810334982,0.3678652081298829,30
put,290.0,2027-06-17,1.79,1.0904109589041096,0.4659221006058513,0.4484918432617187,3
put,290.0,2028-06-16,5.78,2.0904109589041098,0.4297517635555294,0.12500875,1
put,295.0,2027-06-17,1.86,1.0904109589041096,0.4611613189754357,0.4436701141357422,18
put,295.0,2028-06-16,4.645,2.0904109589041098,0.4048780834573138,0.3774171145629882,1
put,300.0,2027-06-17,1.94,1.0904109589041096,0.4567653662282189,0.4391535577392578,2
put,300.0,2028-06-16,5.08,2.0904109589041098,0.4057948144863711,0.12500875,1
put,305.0,2027-06-17,3.03,1.0904109589041096,0.48460234873868846,0.12500875,1
put,305.0,2028-06-16,5.35,2.0904109589041098,0.4037810572194427,0.12500875,6
put,310.0,2027-06-17,2.0999999999999996,1.0904109589041096,0.44786490277592644,0.43005941040039064,10
put,310.0,2028-06-16,5.765000000000001,2.0904109589041098,0.4037778896896331,0.3756165954589844,7
put,315.0,2027-06-17,2.185,1.0904109589041096,0.4435407738551342,0.42578699218750005,1
put,315.0,2028-06-16,5.99,2.0904109589041098,0.4008230984832826,0.3725343508911133,7
put,320.0,2027-06-17,2.2699999999999996,1.0904109589041096,0.4391833897505393,0.4211483666992188,1
put,320.0,2028-06-16,4.99,2.0904109589041098,0.38012221749265784,0.3524539852905273,1
put,325.0,2027-06-17,2.365,1.0904109589041096,0.43510983498802963,0.41712008666992184,15
put,325.0,2028-06-16,4.585,2.0904109589041098,0.36804013173631783,0.34073535247802733,10
put,330.0,2027-06-17,2.45,1.0904109589041096,0.4306899702202785,0.4124814611816406,5
put,330.0,2028-06-16,4.755,2.0904109589041098,0.36504187117498516,0.33756155609130856,10
put,335.0,2027-06-17,2.92,1.0904109589041096,0.43696891184864606,0.4184628466796875,10
put,340.0,2027-06-17,2.645,1.0904109589041096,0.4224984029831922,0.40418076293945315,3
put,340.0,2028-06-16,5.105,2.0904109589041098,0.3590931400772187,0.33125973922729496,2
put,345.0,2027-06-17,2.74,1.0904109589041096,0.418280744988914,0.3997252410888672,150
put,345.0,2028-06-16,7.52,2.0904109589041098,0.38437919782837165,0.3548495912170409,1
put,350.0,2027-06-17,2.84,1.0904109589041096,0.41416750745238906,0.39551385742187506,110
put,350.0,2028-06-16,5.47,2.0904109589041098,0.3532261730691196,0.32511050872802727,10
put,355.0,2027-06-17,2.955,1.0904109589041096,0.41040106021408657,0.3917602328491211,243
put,355.0,2028-06-16,5.65,2.0904109589041098,0.3502138143123871,0.3219061950683593,4
put,360.0,2026-08-21,0.405,0.2684931506849315,0.5854599859977547,0.5754436987304687,14
put,360.0,2027-06-17,3.0549999999999997,1.0904109589041096,0.40621920518829313,0.3874572973632812,1
put,360.0,2028-06-16,5.86,2.0904109589041098,0.3475579860288697,0.319068088684082,1
put,365.0,2026-08-21,0.425,0.2684931506849315,0.5786247025363727,0.5686078295898438,12
put,365.0,2027-06-17,3.17,1.0904109589041096,0.4023671997003872,0.3833679827880859,189
put,365.0,2028-06-16,6.06,2.0904109589041098,0.3447352707798313,0.31604687866210934,10
put,370.0,2026-08-21,0.445,0.2684931506849315,0.5717134163756098,0.561527822265625,11
put,370.0,2027-06-17,3.275,1.0904109589041096,0.39824686235483486,0.3792786682128906,4
put,370.0,2028-06-16,6.27,2.0904109589041098,0.3419991395121201,0.3131172204589844,3
put,375.0,2026-08-21,0.46,0.2684931506849315,0.5639778836208273,0.5539595385742189,2
put,375.0,2027-06-17,3.395,1.0904109589041096,0.39443344055945967,0.37534194000244137,30
put,375.0,2028-06-16,6.495,2.0904109589041098,0.3394000261511662,0.31037066589355466,7
put,380.0,2026-08-21,0.485,0.2684931506849315,0.5577074342706276,0.5476119458007813,1
put,380.0,2027-06-17,3.5149999999999997,1.0904109589041096,0.3905792774462735,0.3713746945190429,1
put,380.0,2028-06-16,6.705,2.0904109589041098,0.3365897010618646,0.3073799731445312,1
put,385.0,2026-08-21,0.505,0.2684931506849315,0.550631507138614,0.5405319384765627,2
put,385.0,2027-06-17,3.635,1.0904109589041096,0.3866889964610314,0.36737693176269537,1
put,385.0,2028-06-16,10.03,2.0904109589041098,0.36460712308620885,0.062509375,1
put,390.0,2026-08-21,0.525,0.2684931506849315,0.5435169716311847,0.5334519311523438,34
put,390.0,2027-06-17,3.7649999999999997,1.0904109589041096,0.3829647856267016,0.3635317553710938,2
put,390.0,2028-06-16,10.16,2.0904109589041098,0.3602747238616883,0.062509375,2
put,395.0,2026-08-21,0.545,0.2684931506849315,0.5363710808866152,0.526371923828125,121
put,395.0,2027-06-17,3.895,1.0904109589041096,0.3791992747923518,0.35962554443359374,2
put,395.0,2028-06-16,10.22,2.0904109589041098,0.35536220513299266,0.062509375,1
put,400.0,2026-05-22,0.01,0.019178082191780823,1.3262291235557844,1.1875040625,2
put,400.0,2026-06-12,0.035,0.07671232876712329,0.7330750034711297,0.7187528125,220
put,400.0,2026-08-21,0.575,0.2684931506849315,0.530416542267996,0.5202684692382812,10
put,400.0,2027-06-17,4.029999999999999,1.0904109589041096,0.37548948888880784,0.355902437133789,58
put,400.0,2028-06-16,7.67,2.0904109589041098,0.3263305658564716,0.29634797897338866,1
put,405.0,2026-05-22,0.01,0.019178082191780823,1.300850007228679,1.15625421875,306
put,405.0,2026-06-12,0.045,0.07671232876712329,0.7348520273293718,0.7187528125,223
put,405.0,2026-08-21,0.595,0.2684931506849315,0.5231769744035054,0.5131884619140624,1
put,405.0,2027-06-17,4.175000000000001,1.0904109589041096,0.37191981832464605,0.3521182952880859,13
put,405.0,2028-06-16,7.9350000000000005,2.0904109589041098,0.3238986773236189,0.2936472003173828,1
put,410.0,2026-05-22,0.01,0.019178082191780823,1.2757712520249636,1.125004375,1
put,410.0,2026-06-12,0.045,0.07671232876712329,0.7208857065220422,0.7050810742187501,362
put,410.0,2026-08-21,0.615,0.2684931506849315,0.5159236416033652,0.50586431640625,4
put,410.0,2027-06-17,4.32,1.0904109589041096,0.36830335401433134,0.3484562225341796,1
put,410.0,2028-06-16,8.205,2.0904109589041098,0.32146858112535565,0.2910837493896483,2
put,415.0,2026-05-22,0.03,0.019178082191780823,1.3616719181283101,1.125004375,20
put,415.0,2026-06-12,0.045,0.07671232876712329,0.7070817139568952,0.6914093359375001,240
put,415.0,2026-08-21,0.645,0.2684931506849315,0.509733882208339,0.5002491381835938,3
put,415.0,2027-06-17,4.470000000000001,1.0904109589041096,0.3647284567676821,0.344733115234375,2
put,415.0,2028-06-16,11.71,2.0904109589041098,0.3463360362623086,0.062509375,2
put,420.0,2026-05-22,0.03,0.019178082191780823,1.3352110962933272,1.09375453125,1
put,420.0,2026-06-12,0.045,0.07671232876712329,0.6934355533914022,0.6777375976562501,122
put,420.0,2026-08-21,0.675,0.2684931506849315,0.5034502562529456,0.4939015454101563,18
put,420.0,2027-06-17,4.630000000000001,1.0904109589041096,0.36127219539748284,0.3411625942993164,3
put,420.0,2028-06-16,8.785,2.0904109589041098,0.31683467709356655,0.28598736480712883,1
put,425.0,2026-05-22,0.01,0.019178082191780823,1.202260874612386,1.0625046875000002,150
put,425.0,2026-06-12,0.055,0.07671232876712329,0.6922001771767007,0.6777375976562501,133
put,425.0,2026-08-21,0.705,0.2684931506849315,0.4970832566201762,0.4875539526367188,3
put,425.0,2027-06-17,4.789999999999999,1.0904109589041096,0.35776611019979687,0.3375005215454102,9
put,425.0,2028-06-16,16.08,2.0904109589041098,0.36718772308559827,0.062509375,1
put,430.0,2026-05-22,0.01,0.019178082191780823,1.178308017028699,1.0468797656250002,200
put,430.0,2026-06-12,0.055,0.07671232876712329,0.678643090703195,0.6640658593750002,62
put,430.0,2026-08-21,0.735,0.2684931506849315,0.4906429481295158,0.4809622216796875,10
put,430.0,2027-06-17,4.960000000000001,1.0904109589041096,0.35436663718380806,0.33396051788330083,1
put,430.0,2028-06-16,9.41,2.0904109589041098,0.31238938637442276,0.2811046011352538,1
put,435.0,2026-05-22,0.01,0.019178082191780823,1.154619106949815,1.0312548437500002,15
put,435.0,2026-06-12,0.055,0.07671232876712329,0.6652337062654766,0.65039412109375,2
put,435.0,2026-08-21,0.765,0.2684931506849315,0.4841377805667579,0.47449255981445315,3
put,435.0,2027-06-17,5.140000000000001,1.0904109589041096,0.35106361403982006,0.330512066040039,6
put,435.0,2028-06-16,15.67,2.0904109589041098,0.3534903484836232,0.062509375,10
put,440.0,2026-05-22,0.01,0.019178082191780823,1.1311875269394602,1.000005,1004
put,440.0,2026-06-12,0.060000000000000005,0.07671232876712329,0.6571786763701722,0.6425816992187501,62
put,440.0,2026-08-21,0.805,0.2684931506849315,0.4784299634998125,0.4687553125,2
put,440.0,2027-06-17,5.32,1.0904109589041096,0.3477040513382991,0.3270330969238281,2
put,440.0,2028-06-16,10.059999999999999,2.0904109589041098,0.3079413871273238,0.27616080291748035,1
put,445.0,2026-05-22,0.01,0.019178082191780823,1.108006810173447,0.98437515625,1
put,445.0,2026-06-12,0.065,0.07671232876712329,0.6487626087807083,0.6347692773437501,60
put,445.0,2026-08-21,0.835,0.2684931506849315,0.4717828409217759,0.462041512451172,6
put,445.0,2027-06-17,5.52,1.0904109589041096,0.34456976328136785,0.3237372314453124,1
put,445.0,2028-06-16,10.405000000000001,2.0904109589041098,0.3057968178479566,0.2737346797180175,26
put,450.0,2026-05-22,0.02,0.019178082191780823,1.1439158961009044,0.9687503125,10
put,450.0,2026-06-12,0.065,0.07671232876712329,0.6355971638233225,0.6210975390625001,29
put,450.0,2026-08-21,0.865,0.2684931506849315,0.4650927095606034,0.45532771240234376,8
put,450.0,2027-06-17,5.705,1.0904109589041096,0.34116844271709273,0.3202582623291015,17
put,450.0,2028-06-16,10.76,2.0904109589041098,0.30367430632608816,0.27138484970092774,1
put,455.0,2026-05-22,0.01,0.019178082191780823,1.0623735762347801,0.937500625,4
put,455.0,2026-06-12,0.07,0.07671232876712329,0.6269334526031369,0.6132851171875001,9
put,455.0,2026-08-21,0.905,0.2684931506849315,0.45911850195927845,0.4493463269042969,3
put,455.0,2027-06-17,5.904999999999999,1.0904109589041096,0.3379148143152033,0.316840327758789,5
put,455.0,2028-06-16,11.129999999999999,2.0904109589041098,0.3016079300954317,0.2690502783203125,1
put,460.0,2026-05-22,0.01,0.019178082191780823,1.0399091103317897,0.92187578125,15
put,460.0,2026-06-12,0.07500000000000001,0.07671232876712329,0.6180165363751416,0.6035195898437502,2
put,460.0,2026-08-21,0.935,0.2684931506849315,0.4523287927250144,0.4425104577636719,4
put,460.0,2027-06-17,6.135,1.0904109589041096,0.33498459058381647,0.31372756591796874,5
put,460.0,2028-06-16,11.51,2.0904109589041098,0.29955659298723897,0.26673096557617193,8
put,465.0,2026-05-22,0.01,0.019178082191780823,1.017671871966425,0.9062509375,1
put,465.0,2026-06-12,0.07500000000000001,0.07671232876712329,0.6050933194558975,0.5918009570312501,1
put,465.0,2026-08-21,0.975,0.2684931506849315,0.4462060213117246,0.4364070031738281,3
put,465.0,2027-06-17,6.34,1.0904109589041096,0.33167235026109304,0.31021807952880853,5
put,465.0,2028-06-16,16.725,2.0904109589041098,0.3285816623567099,0.2929758203124999,5
put,470.0,2026-05-22,0.01,0.019178082191780823,0.9956563878455041,0.87500125,201
put,470.0,2026-06-12,0.08499999999999999,0.07671232876712329,0.5995670649203145,0.585941640625,2
put,470.0,2026-08-21,1.02,0.2684931506849315,0.44033640436434796,0.43079182495117196,2
put,470.0,2026-10-30,2.285,0.4602739726027397,0.389972587193222,0.37756970092773434,11
put,470.0,2027-06-17,6.57,1.0904109589041096,0.3286057998374818,0.3069832485961914,2
put,470.0,2028-06-16,12.31,2.0904109589041098,0.29556029913351023,0.26224492645263675,1
put,475.0,2026-05-22,0.01,0.019178082191780823,0.9738573358256277,0.87500125,2
put,475.0,2026-06-12,0.08499999999999999,0.07671232876712329,0.5867583449912788,0.5732464550781251,1
put,475.0,2026-08-21,1.0750000000000002,0.2684931506849315,0.435000024402123,0.4250545776367188,10
put,475.0,2026-10-30,2.385,0.4602739726027397,0.38546958173111695,0.3729921099853516,2
put,475.0,2027-06-17,6.8100000000000005,1.0904109589041096,0.32558940553472826,0.3039010040283203,25
put,475.0,2028-06-16,12.735,2.0904109589041098,0.29364120011275535,0.2600095362091065,3
put,480.0,2026-05-22,0.01,0.019178082191780823,0.9522695493647775,0.8437515624999999,84
put,480.0,2026-06-12,0.095,0.07671232876712329,0.5804788358591901,0.567387138671875,1
put,480.0,2026-08-21,1.11,0.2684931506849315,0.42831065824281606,0.4185849157714844,5
put,480.0,2026-10-30,2.475,0.4602739726027397,0.3805808547522485,0.3679872772216797,2
put,480.0,2027-06-17,7.0649999999999995,1.0904109589041096,0.32267232542975377,0.30074246627807616,3
put,480.0,2028-06-16,13.16,2.0904109589041098,0.29166152490696146,0.2577741459655762,1
put,485.0,2026-05-22,0.02,0.019178082191780823,0.9821809116995445,0.8281267187499999,80
put,485.0,2026-06-12,0.095,0.07671232876712329,0.5677885864294419,0.5546919531250001,2
put,485.0,2026-08-21,1.16,0.2684931506849315,0.4224625170157575,0.41272559936523434,4
put,485.0,2026-10-30,2.575,0.4602739726027397,0.3759037511658074,0.36322658264160157,6
put,485.0,2027-06-17,7.32,1.0904109589041096,0.31968168400539915,0.29761444580078117,1
put,485.0,2028-06-16,18.270000000000003,2.0904109589041098,0.31717897974497294,0.28073076454162593,0
put,490.0,2026-05-22,0.01,0.019178082191780823,0.9097077554695381,0.8125018749999999,6
put,490.0,2026-06-12,0.10500000000000001,0.07671232876712329,0.5609146448635695,0.5478560839843751,1
put,490.0,2026-08-21,1.2149999999999999,0.2684931506849315,0.4167946886017032,0.4067442138671875,14
put,490.0,2026-10-30,2.67,0.4602739726027397,0.37100975014641363,0.358404853515625,1
put,490.0,2027-06-17,7.585,1.0904109589041096,0.3167276030257262,0.29444064941406245,22
put,490.0,2028-06-16,14.06,2.0904109589041098,0.28784024767189476,0.25334914138793946,1
put,495.0,2026-05-22,0.01,0.019178082191780823,0.8887238649224438,0.7812521875,4
put,495.0,2026-06-12,0.10500000000000001,0.07671232876712329,0.5483440364681541,0.5351608984375,9
put,495.0,2026-08-21,1.2650000000000001,0.2684931506849315,0.4107483958793472,0.40064075927734377,7
put,495.0,2026-10-30,2.785,0.4602739726027397,0.36656698855214015,0.35370519348144525,1
put,495.0,2027-06-17,7.875,1.0904109589041096,0.31395823479693186,0.29146521530151354,5
put,495.0,2028-06-16,21.57,2.0904109589041098,0.3246268219205937,0.2867502966308593,1
put,500.0,2026-05-22,0.01,0.019178082191780823,0.8679323055880552,0.7812521875,1
put,500.0,2026-06-12,0.11499999999999999,0.07671232876712329,0.5409916884870437,0.5283250292968751,5
put,500.0,2026-08-21,1.3050000000000002,0.2684931506849315,0.4041094284313771,0.39398799377441407,17
put,500.0,2026-10-30,2.885,0.4602739726027397,0.36165145859988085,0.34870036071777344,2
put,500.0,2027-06-17,8.175,1.0904109589041096,0.3112066607066218,0.28852029846191396,25
put,500.0,2028-06-16,15.024999999999999,2.0904109589041098,0.2841652505026126,0.2490767231750488,5
put,505.0,2026-05-22,0.01,0.019178082191780823,0.8473278750517614,0.7500025,601
put,505.0,2026-06-12,0.11499999999999999,0.07671232876712329,0.5285407782219809,0.51562984375,1
put,505.0,2026-08-21,1.375,0.2684931506849315,0.3989095329784811,0.38873902282714845,23
put,505.0,2026-10-30,3.01,0.4602739726027397,0.3572718586082504,0.34433639068603517,1
put,505.0,2027-06-17,8.49,1.0904109589041096,0.30851772716908676,0.28565167480468745,15
put,505.0,2028-06-16,24.93,2.0904109589041098,0.33089624307822035,0.291427068710327,1
put,510.0,2026-05-22,0.01,0.019178082191780823,0.8269065719748835,0.73437765625,101
put,510.0,2026-06-12,0.125,0.07671232876712329,0.520797318736403,0.508793974609375,1
put,510.0,2026-08-21,1.43,0.2684931506849315,0.3928555369170978,0.3828797064208984,37
put,510.0,2026-10-30,3.135,0.4602739726027397,0.35278867834817623,0.3396367306518554,3
put,510.0,2027-06-17,8.809999999999999,1.0904109589041096,0.3057900920323454,0.2827220166015625,1
put,510.0,2028-06-16,16.045,2.0904109589041098,0.2805541337775742,0.24481956359863283,7
put,515.0,2026-05-22,0.01,0.019178082191780823,0.8066637690607269,0.7187528125,2
put,515.0,2026-06-12,0.135,0.07671232876712329,0.512715585357571,0.500005,2
put,515.0,2026-08-21,1.505,0.2684931506849315,0.38761817358254635,0.3773255627441406,10
put,515.0,2026-10-30,3.26,0.4602739726027397,0.3482094236891758,0.3350896569824219,1
put,515.0,2027-06-17,9.120000000000001,1.0904109589041096,0.30288971964796574,0.27960925476074217,10
put,515.0,2028-06-16,31.2,2.0904109589041098,0.3489098810452594,0.062509375,11
put,520.0,2026-05-22,0.02,0.019178082191780823,0.830756099421446,0.70312796875,35
put,520.0,2026-06-12,0.14500000000000002,0.07671232876712329,0.5043431549529543,0.49414568359375005,2
put,520.0,2026-08-21,1.56,0.2684931506849315,0.38137524515189775,0.37128314270019536,6
put,520.0,2026-10-30,3.4,0.4602739726027397,0.34386198857137457,0.3306036178588867,2
put,520.0,2027-06-17,9.48,1.0904109589041096,0.30035576351469595,0.27684744155883784,19
put,520.0,2028-06-16,17.15,2.0904109589041098,0.2771478772990121,0.2407455076599121,2
put,525.0,2026-05-22,0.01,0.019178082191780823,0.7666970514518876,0.6875031250000001,5
put,525.0,2026-06-12,0.155,0.07671232876712329,0.49571903731692724,0.485356708984375,1
put,525.0,2026-08-21,1.63,0.2684931506849315,0.3756839114720362,0.3655458953857422,7
put,525.0,2026-10-30,3.5549999999999997,0.4602739726027397,0.33971664185153705,0.3262396478271484,2
put,525.0,2027-06-17,9.809999999999999,1.0904109589041096,0.29747285447325733,0.27374993835449213,12
put,525.0,2028-06-16,17.700000000000003,2.0904109589041098,0.2753340293373517,0.23859403991699218,1
put,530.0,2026-05-22,0.02,0.019178082191780823,0.7891526470085977,0.6562534375000001,273
put,530.0,2026-06-12,0.155,0.07671232876712329,0.4834393142327007,0.4731497998046875,3
put,530.0,2026-08-21,1.71,0.2684931506849315,0.37027438972277404,0.3600527862548828,1
put,530.0,2026-10-30,3.705,0.4602739726027397,0.33534979728974984,0.32175360870361325,30
put,530.0,2027-06-17,10.2,1.0904109589041096,0.29501356877756224,0.27104915969848636,17
put,530.0,2028-06-16,18.270000000000003,2.0904109589041098,0.2735603669254597,0.23647308944702145,1
put,535.0,2026-05-22,0.015,0.019178082191780823,0.7507743865127501,0.70312796875,35
put,535.0,2026-06-12,0.165,0.07671232876712329,0.47461805297302045,0.4643608251953125,1
put,535.0,2026-08-21,1.7850000000000001,0.2684931506849315,0.3645408405672338,0.35407140075683585,3
put,535.0,2026-10-30,3.87,0.4602739726027397,0.3311625973882323,0.3175422250366211,1
put,535.0,2027-06-17,10.595,1.0904109589041096,0.29249713211690415,0.2683331224060058,1
put,535.0,2028-06-16,18.905,2.0904109589041098,0.27204386946938763,0.23459627716064452,1
put,540.0,2026-05-22,0.015,0.019178082191780823,0.7308099591438644,0.6796907031250001,200
put,540.0,2026-06-12,0.175,0.07671232876712329,0.4656050545904264,0.4555718505859375,2
put,540.0,2026-08-21,1.8650000000000002,0.2684931506849315,0.3588777602447615,0.34839518798828123,42
put,540.0,2026-10-30,4.050000000000001,0.4602739726027397,0.32712927970361266,0.3133918759155273,2
put,540.0,2027-06-17,11.01,1.0904109589041096,0.29004301940593685,0.26558656784057616,10
put,540.0,2028-06-16,19.485,2.0904109589041098,0.27019105025884005,0.23239140419006346,4
put,545.0,2026-05-22,0.01,0.019178082191780823,0.6887266257600622,0.6093789062500001,1
put,545.0,2026-06-12,0.185,0.07671232876712329,0.45642232741361355,0.446294599609375,6
put,545.0,2026-08-21,1.95,0.2684931506849315,0.3532698386747847,0.3428410443115234,6
put,545.0,2026-10-30,4.23,0.4602739726027397,0.32296296422054105,0.3090889404296875,129
put,545.0,2027-06-17,11.399999999999999,1.0904109589041096,0.28730186797635915,0.26261113372802736,495
put,545.0,2028-06-16,20.134999999999998,2.0904109589041098,0.26860919952661283,0.23042304008483885,1
put,550.0,2026-05-22,0.015,0.019178082191780823,0.6913503665987605,0.648441015625,20
put,550.0,2026-06-12,0.20500000000000002,0.07671232876712329,0.4497734367614099,0.43945873046875,3
put,550.0,2026-08-21,2.0599999999999996,0.2684931506849315,0.3483607726636446,0.33789724609375,40
put,550.0,2026-10-30,4.404999999999999,0.4602739726027397,0.31858749466966685,0.30466393585205076,20
put,550.0,2027-06-17,11.83,1.0904109589041096,0.28477397645060026,0.2598188032531738,3
put,550.0,2028-06-16,20.775,2.0904109589041098,0.26691211141916515,0.22838601211547854,88
put,555.0,2026-05-22,0.015,0.019178082191780823,0.6718473883302154,0.6250037500000001,1
put,555.0,2026-06-12,0.215,0.07671232876712329,0.44015471190699296,0.43018147949218755,2
put,555.0,2026-08-21,2.1550000000000002,0.2684931506849315,0.3427953923735832,0.3324041369628906,1
put,555.0,2026-10-30,4.630000000000001,0.4602739726027397,0.31491771662523377,0.3007577249145508,1
put,555.0,2027-06-17,12.280000000000001,1.0904109589041096,0.2822962748941499,0.25707224868774414,3
put,555.0,2028-06-16,21.48,2.0904109589041098,0.26544346761081067,0.22647868255615233,3
put,560.0,2026-05-22,0.015,0.019178082191780823,0.6524905053015189,0.6093789062500001,1
put,560.0,2026-06-12,0.235,0.07671232876712329,0.43275120242084003,0.422857333984375,1
put,560.0,2026-08-21,2.25,0.2684931506849315,0.3370989634976189,0.3264837860107421,1
put,560.0,2026-10-30,4.83,0.4602739726027397,0.31069215899091246,0.2963937548828125,1
put,560.0,2027-06-17,12.739999999999998,1.0904109589041096,0.2797919705713052,0.25436384071350104,1
put,560.0,2028-06-16,22.134999999999998,2.0904109589041098,0.26368216061871014,0.2243501027679443,1
put,565.0,2026-05-22,0.015,0.019178082191780823,0.6332758778648192,0.5937540625000001,2
put,565.0,2026-06-12,0.245,0.07671232876712329,0.42280083853531314,0.4128476684570312,2
put,565.0,2026-08-21,2.37,0.2684931506849315,0.3319980499271317,0.32129584960937496,6
put,565.0,2027-06-17,13.265,1.0904109589041096,0.2776340157556367,0.2518690536499023,1
put,565.0,2028-06-16,22.84,2.0904109589041098,0.26207549164441296,0.22235122138977045,3
put,570.0,2026-05-22,0.015,0.019178082191780823,0.6141998525704021,0.570316796875,149
put,570.0,2026-06-12,0.265,0.07671232876712329,0.4148051325612683,0.40479110839843746,1
put,570.0,2026-08-21,2.4850000000000003,0.2684931506849315,0.3265840824536282,0.31592480957031244,78
put,570.0,2026-10-30,5.324999999999999,0.4602739726027397,0.30325516488435705,0.2887034020996093,23
put,570.0,2027-06-17,13.775,1.0904109589041096,0.2752625547302899,0.24919879226684571,19
put,570.0,2028-06-16,23.575000000000003,2.0904109589041098,0.2605286467676818,0.22035234001159665,3
put,575.0,2026-05-22,0.015,0.019178082191780823,0.5952585968108458,0.5546919531250001,20
put,575.0,2026-06-12,0.28,0.07671232876712329,0.4055450684854401,0.39649041015625003,3
put,575.0,2026-08-21,2.615,0.2684931506849315,0.32141091033056485,0.3106453213500976,8
put,575.0,2026-10-30,5.5649999999999995,0.4602739726027397,0.29918796868027775,0.28446150115966784,1
put,575.0,2027-06-17,14.260000000000002,1.0904109589041096,0.27262760561803084,0.24631490997314454,19
put,575.0,2028-06-16,24.365000000000002,2.0904109589041098,0.2591399205674277,0.21851367431640623,3
put,580.0,2026-05-22,0.015,0.019178082191780823,0.5764484419217613,0.5390671093750001,2
put,580.0,2026-06-12,0.295,0.07671232876712329,0.39611812196991514,0.38623660644531244,8
put,580.0,2026-08-21,2.7699999999999996,0.2684931506849315,0.31668440325484576,0.305671005859375,120
put,580.0,2026-10-30,5.835,0.4602739726027397,0.2953816351915057,0.2804942556762695,5
put,580.0,2027-06-17,14.829999999999998,1.0904109589041096,0.2704354691757854,0.24379723495483396,1
put,580.0,2028-06-16,25.095,2.0904109589041098,0.25743392185346264,0.21641561180114746,7
put,585.0,2026-05-22,0.015,0.019178082191780823,0.5577655470885252,0.5195360546875,1
put,585.0,2026-06-12,0.32,0.07671232876712329,0.3882000180574782,0.37915659912109373,15
put,585.0,2026-08-21,2.9050000000000002,0.2684931506849315,0.3112623973785134,0.3002999658203125,3
put,585.0,2026-10-30,6.115,0.4602739726027397,0.2915413809722561,0.2764659756469726,1
put,585.0,2027-06-17,15.365,1.0904109589041096,0.26791672935676547,0.240943869934082,22
put,585.0,2028-06-16,25.880000000000003,2.0904109589041098,0.25588388996709027,0.21440147178649901,1
put,590.0,2026-05-22,0.025,0.019178082191780823,0.5635192276654587,0.5273484765625001,1
put,590.0,2026-06-12,0.335,0.07671232876712329,0.37838930520683384,0.36865865722656255,20
put,590.0,2026-08-21,3.065,0.2684931506849315,0.30624555580975676,0.2951730639648437,1
put,590.0,2026-10-30,6.425000000000001,0.4602739726027397,0.28791067030363254,0.2726513165283203,1
put,590.0,2027-06-17,15.95,1.0904109589041096,0.26559890026256583,0.2383193844604492,5
put,590.0,2028-06-16,26.68,2.0904109589041098,0.2543239587110166,0.21237970245361326,1
put,595.0,2026-05-22,0.025,0.019178082191780823,0.5443589125332798,0.507817421875,22
put,595.0,2026-06-12,0.37,0.07671232876712329,0.3713416824259837,0.362311064453125,34
put,595.0,2026-08-21,3.26,0.2684931506849315,0.30178153986282863,0.290473403930664,680
put,595.0,2026-10-30,6.744999999999999,0.4602739726027397,0.2842183161208633,0.2687451055908203,10
put,595.0,2027-06-17,16.59,1.0904109589041096,0.26349205382843194,0.23586274398803708,2
put,595.0,2028-06-16,27.525,2.0904109589041098,0.25286875100800094,0.2104571142578125,4
put,600.0,2026-05-22,0.025,0.019178082191780823,0.5253170624093161,0.49805189453125004,131
put,600.0,2026-06-12,0.395,0.07671232876712329,0.36247603954556185,0.35278967529296873,39
put,600.0,2026-08-21,3.43,0.2684931506849315,0.2965456819954531,0.28531598480224607,547
put,600.0,2026-10-30,7.08,0.4602739726027397,0.2805192373400535,0.26489992919921873,128
put,600.0,2027-06-17,17.174999999999997,1.0904109589041096,0.26095598483448507,0.2330170082855225,11
put,600.0,2028-06-16,28.375,2.0904109589041098,0.25136070160215157,0.20849637947082514,22
put,601.0,2026-05-22,0.025,0.019178082191780823,0.5215225814838158,0.49609878906250005,1050
put,602.0,2026-05-22,0.025,0.019178082191780823,0.5177326702471324,0.49219257812500006,900
put,603.0,2026-05-22,0.025,0.019178082191780823,0.5139472634918061,0.48828636718750007,2007
put,604.0,2026-05-22,0.025,0.019178082191780823,0.5101662843240808,0.48438015625,2122
put,605.0,2026-05-22,0.025,0.019178082191780823,0.50638972959957,0.4804739453125,3105
put,605.0,2026-06-12,0.425,0.07671232876712329,0.3539725946195483,0.34448897705078124,138
put,605.0,2026-08-21,3.62,0.2684931506849315,0.2915087389386501,0.280158565673828,57
put,605.0,2026-10-30,7.4350000000000005,0.4602739726027397,0.27685972851444723,0.26097845962524413,1
put,605.0,2027-06-17,17.865000000000002,1.0904109589041096,0.25890072685907844,0.2305832557678223,1
put,605.0,2028-06-16,29.259999999999998,2.0904109589041098,0.2499123345227404,0.20652801536560053,5
put,606.0,2026-05-22,0.025,0.019178082191780823,0.5026177025402948,0.476567734375,101
put,607.0,2026-05-22,0.025,0.019178082191780823,0.4988497472345481,0.4726615234375,10
put,608.0,2026-05-22,0.025,0.019178082191780823,0.4950863620340616,0.4687553125,100
put,609.0,2026-05-22,0.025,0.019178082191780823,0.49132725093693524,0.46484910156250003,119
put,610.0,2026-05-22,0.025,0.019178082191780823,0.48757245273918637,0.46289599609375004,1
put,610.0,2026-06-12,0.45999999999999996,0.07671232876712329,0.3457252931399323,0.33667655517578127,59
put,610.0,2026-08-21,3.84,0.2684931506849315,0.2868163615310213,0.27530631927490234,4
put,610.0,2026-10-30,7.835,0.4602739726027397,0.27349171448275233,0.25737742141723635,6
put,610.0,2027-06-17,18.54,1.0904109589041096,0.25664270626005675,0.2279282530212402,30
put,610.0,2028-06-16,30.16,2.0904109589041098,0.24844683534695866,0.20454820728301998,5
put,611.0,2026-05-22,0.035,0.019178082191780823,0.49930777745312116,0.4726615234375,875
put,612.0,2026-05-22,0.035,0.019178082191780823,0.4954590042317598,0.4687553125,795
put,613.0,2026-05-22,0.035,0.019178082191780823,0.4916144611952547,0.46484910156250003,12
put,614.0,2026-05-22,0.035,0.019178082191780823,0.48777402407777604,0.46094289062500005,1
put,615.0,2026-05-22,0.035,0.019178082191780823,0.4839377765086568,0.45703667968750006,16
put,615.0,2026-06-12,0.495,0.07671232876712329,0.33711712517837317,0.3276434423828125,104
put,615.0,2026-08-21,4.074999999999999,0.2684931506849315,0.28213629598695794,0.2703930383300781,22
put,615.0,2026-10-30,8.23,0.4602739726027397,0.2698599178856772,0.25356276229858404,3
put,615.0,2027-06-17,19.215000000000003,1.0904109589041096,0.2542716343611519,0.22519695709228515,30
put,615.0,2028-06-16,31.119999999999997,2.0904109589041098,0.24712350687971263,0.2027171709060669,3
put,616.0,2026-05-22,0.035,0.019178082191780823,0.4801057512762358,0.45313046875,1
put,617.0,2026-05-22,0.035,0.019178082191780823,0.4762774644579538,0.44922425781249997,20
put,618.0,2026-05-22,0.035,0.019178082191780823,0.4724533683352387,0.445318046875,221
put,619.0,2026-05-22,0.035,0.019178082191780823,0.4686332433006229,0.44336494140625,100
put,620.0,2026-05-22,0.035,0.019178082191780823,0.46481700308139373,0.43945873046875,402
put,620.0,2026-06-12,0.53,0.07671232876712329,0.3281842895254843,0.3193427441406249,5
put,620.0,2026-08-21,4.3100000000000005,0.2684931506849315,0.27719392271187804,0.26520510192871094,46
put,620.0,2026-10-30,8.635,0.4602739726027397,0.26612975835290553,0.2495497409057617,1
put,620.0,2027-06-17,19.945,1.0904109589041096,0.25207378105394773,0.2225953595733642,13
put,620.0,2028-06-16,32.04,2.0904109589041098,0.24558563036940698,0.20064581100463863,10
put,621.0,2026-05-22,0.035,0.019178082191780823,0.4610050097019312,0.43555251953125,20
put,622.0,2026-05-22,0.035,0.019178082191780823,0.45719651537651956,0.43164630859375,98
put,623.0,2026-05-22,0.035,0.019178082191780823,0.4533919858226695,0.42774009765625004,23
put,624.0,2026-05-22,0.035,0.019178082191780823,0.44959119454907576,0.42383388671875,250
put,625.0,2026-05-22,0.035,0.019178082191780823,0.44579425368859193,0.42188078125,203
put,625.0,2026-06-12,0.58,0.07671232876712329,0.3203127151067932,0.31140825317382803,24
put,625.0,2026-08-21,4.595000000000001,0.2684931506849315,0.27281329713916386,0.260749580078125,403
put,625.0,2026-10-30,9.07,0.4602739726027397,0.2624914969420481,0.24570456451416017,1
put,625.0,2027-06-17,20.689999999999998,1.0904109589041096,0.2498339419016767,0.21991746887207028,1
put,625.0,2028-06-16,33.0,2.0904109589041098,0.244116820753197,0.19863167098999018,11
put,626.0,2026-05-22,0.035,0.019178082191780823,0.44200102542189135,0.41797457031249996,225
put,627.0,2026-05-22,0.035,0.019178082191780823,0.43821146004336436,0.414068359375,100
put,628.0,2026-05-22,0.035,0.019178082191780823,0.43442553364374514,0.4101621484375,1
put,629.0,2026-05-22,0.045,0.019178082191780823,0.4416111291984083,0.41602146484374997,142
put,630.0,2026-05-22,0.045,0.019178082191780823,0.4377512699591034,0.41211525390625,1
put,630.0,2026-06-12,0.63,0.07671232876712329,0.31197475883822273,0.3031075549316406,140
put,630.0,2026-08-21,4.859999999999999,0.2684931506849315,0.2678196038208622,0.2556531954956055,448
put,630.0,2026-10-30,9.559999999999999,0.4602739726027397,0.25915412609395555,0.24208826766967773,11
put,630.0,2027-06-17,21.465000000000003,1.0904109589041096,0.24762433163392852,0.2173082420349121,4
put,630.0,2028-06-16,34.0,2.0904109589041098,0.24271245190228613,0.1966861948394775,2
put,631.0,2026-05-22,0.045,0.019178082191780823,0.4338949527902349,0.40820904296875,1060
put,632.0,2026-05-22,0.045,0.019178082191780823,0.4300421839861171,0.405279384765625,1069
put,633.0,2026-05-22,0.045,0.019178082191780823,0.4261925142845419,0.4023497265625,1
put,634.0,2026-05-22,0.045,0.019178082191780823,0.4223465375759295,0.398443515625,39
put,635.0,2026-05-22,0.045,0.019178082191780823,0.41850381848518187,0.39453730468750003,33
put,635.0,2026-06-12,0.685,0.07671232876712329,0.3036013825482567,0.29431858032226554,27
put,635.0,2026-08-21,5.165,0.2684931506849315,0.2631549261396944,0.2507399145507812,30
put,635.0,2026-10-30,10.05,0.4602739726027397,0.255586117457124,0.23824309127807614,9
put,635.0,2027-06-17,22.310000000000002,1.0904109589041096,0.24563091303158102,0.21487448951721191,69
put,635.0,2028-06-16,35.035,2.0904109589041098,0.24135164096979095,0.19471783073425292,1
put,636.0,2026-05-22,0.045,0.019178082191780823,0.41466439046984327,0.39063109375,1
put,637.0,2026-05-22,0.045,0.019178082191780823,0.410828201570387,0.38672488281249995,1
put,638.0,2026-05-22,0.045,0.019178082191780823,0.40699519565012887,0.38281867187499996,29
put,639.0,2026-05-22,0.045,0.019178082191780823,0.4031653122231777,0.379889013671875,16
put,640.0,2026-05-22,0.045,0.019178082191780823,0.3993389873249958,0.37695935546875,29
put,640.0,2026-06-12,0.75,0.07671232876712329,0.29549560761693133,0.2866282275390625,67
put,640.0,2026-08-21,5.525,0.2684931506849315,0.25896230093723155,0.24633016860961915,374
put,640.0,2026-10-30,10.595,0.4602739726027397,0.2522697002808377,0.23465731170654297,9
put,640.0,2027-06-17,23.15,1.0904109589041096,0.24348469704919434,0.21226526268005372,1
put,640.0,2028-06-16,36.085,2.0904109589041098,0.23996603166260722,0.19273039333343506,4
put,641.0,2026-05-22,0.055,0.019178082191780823,0.40398252484320873,0.379889013671875,788
put,642.0,2026-05-22,0.045,0.019178082191780823,0.3916946156768352,0.36914693359375,587
put,642.0,2026-10-30,10.765,0.4602739726027397,0.25046951972720505,0.23274998214721682,14
put,643.0,2026-05-22,0.055,0.019178082191780823,0.3962079121906122,0.37305314453125,123
put,643.0,2026-10-30,10.91,0.4602739726027397,0.2500623015922528,0.23223118850708008,12
put,644.0,2026-05-22,0.055,0.019178082191780823,0.3923250124833463,0.36914693359375,10
put,644.0,2026-10-30,10.99,0.4602739726027397,0.24910032608428148,0.23120885986328127,13
put,645.0,2026-05-22,0.055,0.019178082191780823,0.3884446295238093,0.36524072265625,457
put,645.0,2026-06-12,0.8200000000000001,0.07671232876712329,0.28721067305405235,0.278327529296875,72
put,645.0,2026-08-21,5.835,0.2684931506849315,0.25375263849342183,0.240943869934082,5
put,645.0,2026-10-30,11.085,0.4602739726027397,0.24825633694604615,0.23035437622070312,30
put,645.0,2027-06-17,23.98,1.0904109589041096,0.24116863437697533,0.20948056152343747,7
put,645.0,2028-06-16,37.16,2.0904109589041098,0.23858771242237217,0.19074677059173584,1
put,646.0,2026-05-22,0.055,0.019178082191780823,0.3845674767408021,0.36133451171875,4
put,646.0,2026-10-30,11.205,0.4602739726027397,0.2476102438304332,0.2296372203063965,11
put,647.0,2026-05-22,0.055,0.019178082191780823,0.38069295729243824,0.35742830078125,6
put,647.0,2026-10-30,11.325,0.4602739726027397,0.24695369493292185,0.22892006439208984,11
put,648.0,2026-05-22,0.055,0.019178082191780823,0.3768210939625804,0.3544986425781249,4
put,648.0,2026-10-30,11.43,0.4602739726027397,0.2461651215884214,0.2280350634765625,107
put,649.0,2026-05-22,0.055,0.019178082191780823,0.3729518445868497,0.3505924316406249,402
put,649.0,2026-10-30,11.605,0.4602739726027397,0.24593166203255776,0.2277451493835449,23
put,650.0,2026-05-22,0.065,0.019178082191780823,0.37595921871192883,0.35352208984374994,448
put,650.0,2026-06-12,0.9,0.07671232876712329,0.2790137494605115,0.2701489001464844,139
put,650.0,2026-08-21,6.265000000000001,0.2684931506849315,0.24980019201869383,0.23673248626708981,287
put,650.0,2026-10-30,11.665,0.4602739726027397,0.24476231429866474,0.22653971710205079,14
put,650.0,2027-06-17,24.915,1.0904109589041096,0.23920620960534372,0.20698577445983882,2011
put,650.0,2028-06-16,38.260000000000005,2.0904109589041098,0.23721521187064346,0.18873644523620606,1
put,651.0,2026-05-22,0.065,0.019178082191780823,0.3720355799979973,0.34961587890624996,205
put,651.0,2026-10-30,11.825,0.4602739726027397,0.24438386476475102,0.2260666993713379,1
put,652.0,2026-05-22,0.065,0.019178082191780823,0.36811463532436667,0.34570966796874997,2
put,652.0,2026-10-30,11.925,0.4602739726027397,0.2435176476405383,0.22515118118286132,66
put,653.0,2026-05-22,0.065,0.019178082191780823,0.3641956854688625,0.34180345703125,1
put,653.0,2026-10-30,12.030000000000001,0.4602739726027397,0.2426827852361619,0.22420514572143552,0
put,654.0,2026-05-22,0.065,0.019178082191780823,0.36027910166750665,0.33789724609375,30
put,654.0,2026-10-30,12.190000000000001,0.4602739726027397,0.24226802335760678,0.223716869354248,3
put,655.0,2026-05-22,0.065,0.019178082191780823,0.35636478301072616,0.334967587890625,10
put,655.0,2026-06-12,1.0,0.07671232876712329,0.27134545691149,0.2624585473632813,61
put,655.0,2026-08-21,6.67,0.2684931506849315,0.24515006644566847,0.23191075714111326,6
put,655.0,2026-10-30,12.275,0.4602739726027397,0.24125902792137843,0.22267928207397458,8
put,655.0,2027-06-17,25.805,1.0904109589041096,0.23691213345068474,0.20422396125793454,27
put,655.0,2028-06-16,39.405,2.0904109589041098,0.23590926014421112,0.18678333976745606,1
put,656.0,2026-05-22,0.065,0.019178082191780823,0.3524526463170633,0.331061376953125,305
put,656.0,2026-10-30,12.405,0.4602739726027397,0.2405903511718684,0.22194686752319331,1
put,657.0,2026-05-22,0.07500000000000001,0.019178082191780823,0.35432227764644997,0.3320379296875,306
put,657.0,2026-10-30,12.525,0.4602739726027397,0.2398342325625085,0.22112290115356442,13
put,658.0,2026-05-22,0.07500000000000001,0.019178082191780823,0.35036123004865033,0.3286199951171874,11
put,658.0,2026-10-30,12.649999999999999,0.4602739726027397,0.23910654213418814,0.22035996932983393,11
put,659.0,2026-05-22,0.07500000000000001,0.019178082191780823,0.34640210210982136,0.32520206054687495,1
put,659.0,2026-10-30,12.775,0.4602739726027397,0.2383689110882411,0.21950548568725586,1
put,660.0,2026-05-22,0.07500000000000001,0.019178082191780823,0.3424446716526985,0.32129584960937496,58
put,660.0,2026-06-12,1.1150000000000002,0.07671232876712329,0.2637380578513081,0.2545850909423829,179
put,660.0,2026-08-21,7.0649999999999995,0.2684931506849315,0.24003955318851355,0.2266312689208984,155
put,660.0,2026-10-30,12.920000000000002,0.4602739726027397,0.23777122522058494,0.21886462295532227,1
put,660.0,2027-06-17,26.775,1.0904109589041096,0.23484101597252485,0.20160710510253904,37
put,660.0,2028-06-16,40.56,2.0904109589041098,0.23455866375692142,0.18477682907104487,2
put,661.0,2026-05-22,0.07500000000000001,0.019178082191780823,0.3384893102781193,0.317389638671875,3
put,661.0,2026-10-30,13.045,0.4602739726027397,0.23701296704295235,0.2180101393127441,2
put,662.0,2026-05-22,0.08499999999999999,0.019178082191780823,0.339550742737604,0.31836619140624994,39
put,662.0,2026-10-30,13.245000000000001,0.4602739726027397,0.23679921821010616,0.21768970794677733,12
put,663.0,2026-05-22,0.08499999999999999,0.019178082191780823,0.33555033639377424,0.31445998046874996,5
put,663.0,2026-10-30,13.315,0.4602739726027397,0.23561426790699966,0.21645375839233394,21
put,664.0,2026-05-22,0.08499999999999999,0.019178082191780823,0.33155158192670653,0.31055376953124997,100
put,664.0,2026-10-30,13.495000000000001,0.4602739726027397,0.23522743867262436,0.2159731113433838,11
put,665.0,2026-05-22,0.08499999999999999,0.019178082191780823,0.327554152547909,0.30664755859375,1338
put,665.0,2026-06-12,1.2349999999999999,0.07671232876712329,0.25562759211134056,0.24646749633789064,102
put,665.0,2026-08-21,7.595000000000001,0.2684931506849315,0.23610592177897155,0.222389367980957,94
put,665.0,2026-10-30,13.600000000000001,0.4602739726027397,0.23428222700250304,0.21492789474487306,7
put,665.0,2027-06-17,27.825,1.0904109589041096,0.23297602387850128,0.19916572326660154,2
put,665.0,2028-06-16,41.81,2.0904109589041098,0.23342059522558423,0.18294579269409178,1
put,666.0,2026-05-22,0.095,0.019178082191780823,0.3279978553434161,0.30713583496093744,110
put,666.0,2026-10-30,13.775,0.4602739726027397,0.23383367326342244,0.21442435974121093,1
put,667.0,2026-05-22,0.095,0.019178082191780823,0.32395872393079256,0.30322962402343745,50
put,667.0,2026-10-30,13.875,0.4602739726027397,0.23283428050000096,0.2133562551879883,15
put,668.0,2026-05-22,0.095,0.019178082191780823,0.3199206418967183,0.299811689453125,2
put,668.0,2026-10-30,14.025,0.4602739726027397,0.23218352219443644,0.21262384063720702,2
put,669.0,2026-05-22,0.10500000000000001,0.019178082191780823,0.31988656441760627,0.29932341308593746,302
put,669.0,2026-10-30,14.165,0.4602739726027397,0.23145053298219187,0.2118075035858154,2
put,670.0,2026-05-22,0.10500000000000001,0.019178082191780823,0.3158095528612987,0.2954172021484375,87
put,670.0,2026-06-12,1.395,0.07671232876712329,0.2484444844421362,0.23963162719726558,50
put,670.0,2026-08-21,8.059999999999999,0.2684931506849315,0.23104896843117104,0.2170030693054199,355
put,670.0,2026-10-30,14.395,0.4602739726027397,0.2313391041361416,0.21158625335693354,21
put,670.0,2027-06-17,28.84,1.0904109589041096,0.23082467137601373,0.19660990165710449,44
put,670.0,2028-06-16,42.974999999999994,2.0904109589041098,0.23194977990837862,0.18076380767822264,1
put,671.0,2026-05-22,0.10500000000000001,0.019178082191780823,0.31173312147658083,0.2919992675781249,108
put,671.0,2026-10-30,14.504999999999999,0.4602739726027397,0.2303719190507775,0.21054866607666017,1
put,672.0,2026-05-22,0.11499999999999999,0.019178082191780823,0.3112910012587665,0.2910227148437499,27
put,672.0,2026-10-30,14.655,0.4602739726027397,0.22967430387674168,0.20977047561645507,1
put,673.0,2026-05-22,0.11499999999999999,0.019178082191780823,0.3071774265069713,0.28711650390624993,110
put,673.0,2026-10-30,14.765,0.4602739726027397,0.22868964681358372,0.20870237106323236,1
put,674.0,2026-05-22,0.11499999999999999,0.019178082191780823,0.3030641686078966,0.28321029296874994,13
put,674.0,2026-10-30,14.920000000000002,0.4602739726027397,0.22800568912441194,0.20796995651245115,114
put,675.0,2026-05-22,0.125,0.019178082191780823,0.3022671522070546,0.282233740234375,53
put,675.0,2026-06-12,1.59,0.07671232876712329,0.24162930181943884,0.23255161987304687,9
put,675.0,2026-08-21,8.61,0.2684931506849315,0.2264976984622087,0.2121355642700195,149
put,675.0,2026-10-30,15.07,0.4602739726027397,0.22727617085738844,0.2070849555969238,5
put,675.0,2027-06-17,29.92,1.0904109589041096,0.22880610848081726,0.193817571182251,2
put,675.0,2028-06-16,44.22,2.0904109589041098,0.23064274314819086,0.1787267797088623,31
put,676.0,2026-05-22,0.125,0.019178082191780823,0.2981181072276746,0.278327529296875,8
put,676.0,2026-06-12,1.62,0.07671232876712329,0.2398195230612202,0.2307816180419922,493
put,676.0,2026-10-30,15.235,0.4602739726027397,0.22663726200709006,0.20638305831909176,1
put,677.0,2026-05-22,0.125,0.019178082191780823,0.2939691209343782,0.2749095947265625,41
put,677.0,2026-06-12,1.665,0.07671232876712329,0.2385032667885703,0.22962196166992188,4
put,677.0,2026-10-30,15.39,0.4602739726027397,0.2259189663674884,0.2056048678588867,25
put,678.0,2026-05-22,0.135,0.019178082191780823,0.2928584663722098,0.273444765625,1
put,678.0,2026-06-12,1.705,0.07671232876712329,0.23696922294121053,0.2280350634765625,10
put,678.0,2026-10-30,15.555,0.4602739726027397,0.22525635291740914,0.2048266773986816,12
put,679.0,2026-05-22,0.14500000000000002,0.019178082191780823,0.2915339171887734,0.27246821289062495,31
put,679.0,2026-06-12,1.755,0.07671232876712329,0.23572923031419935,0.2268143725585937,11
put,679.0,2026-10-30,15.705,0.4602739726027397,0.2244813758221845,0.20395693511962887,12
put,680.0,2026-05-22,0.14500000000000002,0.019178082191780823,0.28731698502665803,0.26807372558593745,148
put,680.0,2026-06-12,1.82,0.07671232876712329,0.23492542390077395,0.2257767852783203,7103
put,680.0,2026-08-21,9.245000000000001,0.2684931506849315,0.22235531999445757,0.20768004241943355,29
put,680.0,2026-10-30,15.93,0.4602739726027397,0.22419208574113966,0.20359072784423826,2
put,680.0,2027-06-17,30.97,1.0904109589041096,0.22652947193192982,0.1909184302520752,3
put,680.0,2028-06-16,45.495000000000005,2.0904109589041098,0.2293471196872822,0.17668212242126466,1
put,681.0,2026-05-22,0.155,0.019178082191780823,0.2857684536179637,0.266608896484375,12
put,681.0,2026-06-12,1.855,0.07671232876712329,0.2330946827913847,0.22412885253906245,236
put,681.0,2026-10-30,16.05,0.4602739726027397,0.22319602460798504,0.202507364654541,1
put,682.0,2026-05-22,0.155,0.019178082191780823,0.2815188878064586,0.26270268554687504,28
put,682.0,2026-06-12,1.9,0.07671232876712329,0.23154672948983526,0.222389367980957,24
put,682.0,2026-10-30,16.265,0.4602739726027397,0.22281244275738385,0.20198857101440426,11
put,683.0,2026-05-22,0.165,0.019178082191780823,0.2797664648492278,0.2612378564453125,4
put,683.0,2026-06-12,1.95,0.07671232876712329,0.23011030204197233,0.22095505615234373,50
put,683.0,2026-10-30,16.395,0.4602739726027397,0.22186107966072888,0.20095098373413084,8
put,684.0,2026-05-22,0.175,0.019178082191780823,0.27785791126789366,0.25928475097656256,16
put,684.0,2026-06-12,2.025,0.07671232876712329,0.229377702513032,0.22028367614746092,9
put,684.0,2026-10-30,16.555,0.4602739726027397,0.22109443228529713,0.2000812414550781,12
put,685.0,2026-05-22,0.175,0.019178082191780823,0.27354603670787003,0.2551344018554688,157
put,685.0,2026-06-12,2.0599999999999996,0.07671232876712329,0.2273939582325505,0.2181474670410156,55
put,685.0,2026-08-21,9.870000000000001,0.2684931506849315,0.2176514882273626,0.2025683992004394,62
put,685.0,2026-10-30,16.8,0.4602739726027397,0.22086248879055442,0.19976081008911134,2
put,685.0,2027-06-17,32.195,1.0904109589041096,0.22480908701252816,0.1885266389846802,20
put,685.0,2028-06-16,46.82,2.0904109589041098,0.22811839706031994,0.1746450944519043,14
put,686.0,2026-05-22,0.185,0.019178082191780823,0.2714640500455689,0.252937158203125,5
put,686.0,2026-06-12,2.125,0.07671232876712329,0.2262481058802196,0.2171098797607422,8
put,686.0,2026-10-30,16.92,0.4602739726027397,0.21981489549946331,0.19863167098999018,87
put,687.0,2026-05-22,0.185,0.019178082191780823,0.2671208631572753,0.249030947265625,15
put,687.0,2026-06-12,2.185,0.07671232876712329,0.22490041731226182,0.21576711975097657,13
put,687.0,2026-10-30,17.08,0.4602739726027397,0.21901299468112165,0.19796792030334473,5
put,688.0,2026-05-22,0.195,0.019178082191780823,0.26487768084633845,0.24683370361328127,8
put,688.0,2026-06-12,2.275,0.07671232876712329,0.22432679565170446,0.2151567742919922,13
put,688.0,2026-10-30,17.27,0.4602739726027397,0.2183894964440065,0.196998996887207,1
put,689.0,2026-05-22,0.20500000000000002,0.019178082191780823,0.262511968368453,0.24463645996093752,20
put,689.0,2026-06-12,2.295,0.07671232876712329,0.22177632542594847,0.2125933233642578,27
put,689.0,2026-10-30,17.445,0.4602739726027397,0.21765858398855117,0.1964344273376465,1
put,690.0,2026-05-22,0.225,0.019178082191780823,0.26189880490548056,0.24390404541015626,461
put,690.0,2026-06-12,2.37,0.07671232876712329,0.22067738744785315,0.21131159790039059,150
put,690.0,2026-08-21,10.635,0.2684931506849315,0.2137521741469935,0.1982807223510742,276
put,690.0,2026-10-30,17.655,0.4602739726027397,0.2171342482845521,0.1954883918762207,4
put,690.0,2027-06-17,33.295,1.0904109589041096,0.22245424971155042,0.18549398498535152,1
put,690.0,2028-06-16,48.175,2.0904109589041098,0.226896610748842,0.1726156958007813,1
put,691.0,2026-05-22,0.235,0.019178082191780823,0.2592361561021089,0.24146266357421875,56
put,691.0,2026-06-12,2.4400000000000004,0.07671232876712329,0.21938276914002944,0.2099993551635742,2
put,691.0,2026-10-30,17.85,0.4602739726027397,0.21650229618525335,0.19477123596191404,20
put,692.0,2026-05-22,0.245,0.019178082191780823,0.2564769618968081,0.2387771435546875,18
put,692.0,2026-06-12,2.5149999999999997,0.07671232876712329,0.2181570824742082,0.20887021606445308,7
put,692.0,2026-10-30,18.02,0.4602739726027397,0.21570257254113942,0.19387097640991213,18
put,693.0,2026-05-22,0.265,0.019178082191780823,0.2552441203908738,0.2375564526367187,183
put,693.0,2026-06-12,2.605,0.07671232876712329,0.21724274901552007,0.20789366333007808,4
put,693.0,2026-10-30,18.205,0.4602739726027397,0.21498343488377733,0.1930622686767578,1
put,694.0,2026-05-22,0.275,0.019178082191780823,0.25224758710345047,0.23462679443359374,95
put,694.0,2026-06-12,2.6550000000000002,0.07671232876712329,0.21527671774824267,0.2059405578613281,233
put,694.0,2026-10-30,18.48,0.4602739726027397,0.2148017676597574,0.1927189493560791,1
put,695.0,2026-05-22,0.275,0.019178082191780823,0.24766521784259102,0.2304764453125,891
put,695.0,2026-06-12,2.745,0.07671232876712329,0.21423409246455785,0.2048419360351562,241
put,695.0,2026-08-21,11.375,0.2684931506849315,0.2091097883447076,0.19319959640502932,68
put,695.0,2026-10-30,18.59,0.4602739726027397,0.21359892013365628,0.19142196525573732,22
put,695.0,2027-06-17,34.515,1.0904109589041096,0.22042312615012416,0.18273217178344725,1
put,695.0,2028-06-16,49.555,2.0904109589041098,0.2256665467996062,0.1705634091949463,1
put,696.0,2026-05-22,0.305,0.019178082191780823,0.24744035387279006,0.23023230712890624,20
put,696.0,2026-06-12,2.815,0.07671232876712329,0.21264988859809672,0.20322452056884766,6
put,696.0,2026-10-30,18.784999999999997,0.4602739726027397,0.2129018982908928,0.1906361454772949,1
put,697.0,2026-05-22,0.31,0.019178082191780823,0.24347881714850703,0.22705851074218747,122
put,697.0,2026-06-12,2.9050000000000002,0.07671232876712329,0.2114748080246215,0.20200382965087887,21
put,697.0,2026-10-30,19.0,0.4602739726027397,0.21231264055023247,0.18989610160827639,1
put,698.0,2026-05-22,0.335,0.019178082191780823,0.2421262185420608,0.22510540527343748,228
put,698.0,2026-06-12,2.9850000000000003,0.07671232876712329,0.210005499147304,0.20050848327636717,35
put,698.0,2026-10-30,19.244999999999997,0.4602739726027397,0.2118886450420053,0.18936967864990234,2
put,699.0,2026-05-22,0.35,0.019178082191780823,0.239296766731023,0.22290816162109373,170
put,699.0,2026-06-12,3.0949999999999998,0.07671232876712329,0.20914147745884173,0.19959296508789062,2
put,699.0,2026-10-30,19.405,0.4602739726027397,0.21094247049081036,0.188309203414917,1
put,700.0,2026-05-22,0.365,0.019178082191780823,0.23635936917884767,0.21949022705078125,3193
put,700.0,2026-06-12,3.175,0.07671232876712329,0.2075451595397194,0.1979450323486328,419
put,700.0,2026-08-21,12.195,0.2684931506849315,0.2046303148925093,0.18822528091430663,251
put,700.0,2026-10-30,19.619999999999997,0.4602739726027397,0.21031134910400576,0.18752338363647458,21
put,700.0,2027-06-17,35.795,1.0904109589041096,0.2184713947541163,0.1800085051727295,57
put,700.0,2028-06-16,50.965,2.0904109589041098,0.22444123393784118,0.16846534667968754,3
put,701.0,2026-05-22,0.39,0.019178082191780823,0.23446469026590708,0.21826953613281247,174
put,701.0,2026-06-12,3.285,0.07671232876712329,0.2065309389051583,0.19687692779541016,2
put,701.0,2026-10-30,19.869999999999997,0.4602739726027397,0.20987245354934084,0.18694355545043945,6
put,702.0,2026-05-22,0.405,0.019178082191780823,0.23128468410477795,0.2148516015625,1489
put,702.0,2026-06-12,3.385,0.07671232876712329,0.20522964271767205,0.19553416778564453,10
put,702.0,2026-10-30,20.025,0.4602739726027397,0.20886024210348045,0.18584493362426757,1
put,703.0,2026-05-22,0.435,0.019178082191780823,0.22958350939533878,0.21314263427734376,736
put,703.0,2026-06-12,3.5149999999999997,0.07671232876712329,0.20447151697846394,0.1947102014160156,17
put,703.0,2026-10-30,20.240000000000002,0.4602739726027397,0.20818774559176612,0.18502096725463862,4
put,704.0,2026-05-22,0.475,0.019178082191780823,0.22863733205000716,0.21216608154296873,349
put,704.0,2026-06-12,3.635,0.07671232876712329,0.20342275129317472,0.19361157958984376,2
put,704.0,2026-10-30,20.475,0.4602739726027397,0.20761749009174524,0.18433432861328125,1
put,705.0,2026-05-22,0.49,0.019178082191780823,0.22505658212732335,0.2092364233398437,601
put,705.0,2026-06-12,3.705,0.07671232876712329,0.20131405141506314,0.19147537048339847,367
put,705.0,2026-08-21,13.120000000000001,0.2684931506849315,0.20044994731979443,0.18346458633422852,773
put,705.0,2026-10-30,20.759999999999998,0.4602739726027397,0.2073211918042783,0.18386131088256835,8
put,705.0,2027-06-17,37.175,1.0904109589041096,0.2167388088954682,0.17748320083618163,2
put,705.0,2028-06-16,52.425,2.0904109589041098,0.22327387842283797,0.166386357460022,2
put,706.0,2026-05-22,0.515,0.019178082191780823,0.22230486532234803,0.20618469604492184,160
put,706.0,2026-06-12,3.88,0.07671232876712329,0.20118224267143783,0.19135330139160156,14
put,706.0,2026-10-30,20.935000000000002,0.4602739726027397,0.20637440376300525,0.1828160942840576,33
put,707.0,2026-05-22,0.56,0.019178082191780823,0.22112759884876101,0.20533021240234373,508
put,707.0,2026-06-12,3.935,0.07671232876712329,0.1986703083176462,0.18872881591796875,32
put,707.0,2026-10-30,21.155,0.4602739726027397,0.20567360724529798,0.18197686927795412,1
put,708.0,2026-05-22,0.585,0.019178082191780823,0.21803125373395357,0.2020343469238281,227
put,708.0,2026-06-12,4.130000000000001,0.07671232876712329,0.19872123478928874,0.18875933319091798,131
put,708.0,2026-10-30,21.384999999999998,0.4602739726027397,0.2050157350187441,0.1811757908630371,20
put,709.0,2026-05-22,0.63,0.019178082191780823,0.2163706666153377,0.20081365600585935,796
put,709.0,2026-06-12,4.26,0.07671232876712329,0.1974658498196279,0.18744709045410157,54
put,709.0,2026-10-30,21.6,0.4602739726027397,0.20425818260203324,0.18025264335632327,8
put,710.0,2026-05-22,0.695,0.019178082191780823,0.21591398562422873,0.19995917236328126,1493
put,710.0,2026-06-12,4.395,0.07671232876712329,0.19622149034467085,0.1860432958984375,406
put,710.0,2026-08-21,14.129999999999999,0.2684931506849315,0.19633646919858713,0.17881070220947265,253
put,710.0,2026-10-30,21.86,0.4602739726027397,0.20374102869520497,0.17958126335144042,3
put,710.0,2027-06-17,38.58,1.0904109589041096,0.2149395645645409,0.1748053101348877,73
put,710.0,2028-06-16,53.894999999999996,2.0904109589041098,0.22205395033953665,0.16425396301269532,2
put,711.0,2026-05-22,0.725,0.019178082191780823,0.2126481434023756,0.19690744506835936,273
put,711.0,2026-06-12,4.525,0.07671232876712329,0.19480921196492645,0.18457846679687498,39
put,711.0,2026-10-30,22.195,0.4602739726027397,0.20362939380361397,0.17932949584960936,4
put,712.0,2026-05-22,0.77,0.019178082191780823,0.2102564716630851,0.19495433959960937,1689
put,712.0,2026-06-12,4.619999999999999,0.07671232876712329,0.19271884162469696,0.18253380950927733,89
put,712.0,2026-10-30,22.354999999999997,0.4602739726027397,0.2025187102813199,0.17807828765869144,1
put,713.0,2026-05-22,0.84,0.019178082191780823,0.2092429954945666,0.19385571777343752,2003
put,713.0,2026-06-12,4.765000000000001,0.07671232876712329,0.19142103396451499,0.1810689804077148,46
put,713.0,2026-10-30,22.615000000000002,0.4602739726027397,0.20195421483255274,0.17736113174438478,413
put,714.0,2026-05-22,0.9,0.019178082191780823,0.20728709837223458,0.1920246813964844,1039
put,714.0,2026-06-12,4.92,0.07671232876712329,0.19020744590659558,0.17984828948974607,14
put,714.0,2026-10-30,22.845,0.4602739726027397,0.20120736922860158,0.17646087219238282,1
put,715.0,2026-05-22,0.945,0.019178082191780823,0.20421236437080792,0.18872881591796875,1791
put,715.0,2026-06-12,5.08,0.07671232876712329,0.18898927642081403,0.1785665640258789,169
put,715.0,2026-08-21,15.285,0.2684931506849315,0.19267950072360554,0.1744162149047852,225
put,715.0,2026-10-30,23.09,0.4602739726027397,0.20052906899391051,0.1755911299133301,1
put,715.0,2027-06-17,39.91,1.0904109589041096,0.2127143495671011,0.17173832420349125,1
put,715.0,2028-06-16,55.44,2.0904109589041098,0.2209551168470948,0.1621597151565552,1
put,716.0,2026-05-22,1.01,0.019178082191780823,0.2020697728217708,0.18695881408691406,772
put,716.0,2026-06-12,5.25,0.07671232876712329,0.18784393479056183,0.17734587310791017,39
put,716.0,2026-10-30,23.35,0.4602739726027397,0.199917756692926,0.17487397399902344,4
put,717.0,2026-05-22,1.09,0.019178082191780823,0.20045809795877748,0.18537191589355467,4131
put,717.0,2026-06-12,5.4,0.07671232876712329,0.18629015301946908,0.17569794036865233,47
put,717.0,2026-10-30,23.71,0.4602739726027397,0.1998390056582223,0.17460694786071781,6
put,718.0,2026-05-22,1.165,0.019178082191780823,0.19828673194397803,0.18305260314941402,744
put,718.0,2026-06-12,5.59,0.07671232876712329,0.18527973926197602,0.1745993185424805,93
put,718.0,2026-10-30,23.97,0.4602739726027397,0.1991943096482964,0.17379061080932617,5
put,719.0,2026-05-22,1.29,0.019178082191780823,0.1982193288711958,0.18311363769531247,295
put,719.0,2026-06-12,5.76,0.07671232876712329,0.18386345405118215,0.17310397216796874,170
put,719.0,2026-10-30,24.155,0.4602739726027397,0.19812622453369216,0.17253940261840822,4
put,720.0,2026-05-22,1.38,0.019178082191780823,0.19610883394849304,0.1810384631347656,7405
put,720.0,2026-06-12,5.98,0.07671232876712329,0.18311445160180778,0.17221897125244146,666
put,720.0,2026-08-21,16.495,0.2684931506849315,0.18873913888278043,0.16979284805297856,489
put,720.0,2026-10-30,24.405,0.4602739726027397,0.19739751014280876,0.17163914306640626,13
put,720.0,2027-06-17,41.355000000000004,1.0904109589041096,0.2107475603720579,0.16883918327331546,9
put,720.0,2028-06-16,57.004999999999995,2.0904109589041098,0.2198279622079465,0.16005020866394043,1
put,721.0,2026-05-22,1.46,0.019178082191780823,0.193276697330095,0.1783529431152344,501
put,721.0,2026-06-12,6.140000000000001,0.07671232876712329,0.1813630196752236,0.1703879348754883,28
put,721.0,2026-10-30,24.73,0.4602739726027397,0.19705803604389113,0.17114323738098144,1
put,722.0,2026-05-22,1.58,0.019178082191780823,0.1918637468465701,0.1769491485595703,1944
put,722.0,2026-06-12,6.380000000000001,0.07671232876712329,0.18070256896123446,0.16962500305175782,70
put,722.0,2026-10-30,25.08,0.4602739726027397,0.1968344703278629,0.17072362487792972,25
put,723.0,2026-05-22,1.7,0.019178082191780823,0.19008632693149274,0.17517914672851562,1009
put,723.0,2026-06-12,6.57,0.07671232876712329,0.17920480561337043,0.16800758758544926,23
put,723.0,2026-10-30,25.34,0.4602739726027397,0.19610985256622784,0.16981573600769045,1
put,724.0,2026-05-22,1.86,0.019178082191780823,0.18948140688037116,0.17456880126953128,435
put,724.0,2026-06-12,6.77,0.07671232876712329,0.1777562746824463,0.1664512066650391,12
put,724.0,2026-10-30,25.53,0.4602739726027397,0.1949961226348437,0.1685340105438233,2
put,725.0,2026-05-22,1.97,0.019178082191780823,0.1866159161334681,0.17176121215820314,3026
put,725.0,2026-06-12,7.0,0.07671232876712329,0.17663313037878225,0.1651999984741211,113
put,725.0,2026-08-21,17.885,0.2684931506849315,0.1853637627392679,0.16554331779479983,83
put,725.0,2026-10-30,25.86,0.4602739726027397,0.19461350081777126,0.1679465530395508,6
put,725.0,2027-06-17,43.019999999999996,1.0904109589041096,0.20939213363160122,0.16643976268768312,16
put,725.0,2028-06-16,58.644999999999996,2.0904109589041098,0.2188151657649715,0.15795214614868164,1
put,726.0,2026-05-22,2.105,0.019178082191780823,0.18434589729412806,0.16974707214355472,427
put,726.0,2026-06-12,7.24,0.07671232876712329,0.17554166914371325,0.16397930755615236,40
put,726.0,2026-10-30,26.165,0.4602739726027397,0.19408008327211382,0.16719125053405764,1
put,727.0,2026-05-22,2.2800000000000002,0.019178082191780823,0.18309031575716275,0.16828224304199224,808
put,727.0,2026-06-12,7.48,0.07671232876712329,0.1743404581904129,0.16266706481933596,63
put,727.0,2026-10-30,26.439999999999998,0.4602739726027397,0.19337088333217264,0.16631387893676763,5
put,728.0,2026-05-22,2.46,0.019178082191780823,0.18157802068400183,0.1667563793945313,570
put,728.0,2026-06-12,7.795,0.07671232876712329,0.17404564666358746,0.16211775390625,294
put,728.0,2026-10-30,26.740000000000002,0.4602739726027397,0.19277689317243113,0.1655204298400879,5
put,729.0,2026-05-22,2.66,0.019178082191780823,0.18028224541859805,0.16547465393066407,732
put,729.0,2026-06-12,7.99,0.07671232876712329,0.17201333365875374,0.16004257934570312,67
put,729.0,2026-10-30,27.16,0.4602739726027397,0.19279505796637716,0.16530680892944338,8
put,730.0,2026-05-22,2.8499999999999996,0.019178082191780823,0.17825005520662676,0.16346051391601565,8917
put,730.0,2026-06-12,8.33,0.07671232876712329,0.17180602285180652,0.15964585479736326,134
put,730.0,2026-08-21,19.375,0.2684931506849315,0.18191224005269666,0.1611106838989258,166
put,730.0,2026-10-30,27.4,0.4602739726027397,0.19185095854421302,0.16416241119384767,9
put,730.0,2027-06-17,44.5,1.0904109589041096,0.20722381838292953,0.1632240050506592,5
put,730.0,2028-06-16,60.349999999999994,2.0904109589041098,0.21788764768302468,0.15594945011138917,1
put,731.0,2026-05-22,3.05,0.019178082191780823,0.1761133097850969,0.1613243048095703,1076
put,731.0,2026-06-12,8.525,0.07671232876712329,0.16956319402011505,0.1573570593261719,29
put,731.0,2026-10-30,27.689999999999998,0.4602739726027397,0.19115218524242406,0.1632545223236084,2
put,732.0,2026-05-22,3.395,0.019178082191780823,0.17769646722888,0.1627891339111328,1589
put,732.0,2026-06-12,8.825,0.07671232876712329,0.1685862178228557,0.15619740295410156,41
put,732.0,2026-10-30,28.009999999999998,0.4602739726027397,0.19059239492882282,0.16247633186340332,8
put,733.0,2026-05-22,3.565,0.019178082191780823,0.1738203825181713,0.1590355093383789,584
put,733.0,2026-06-12,9.129999999999999,0.07671232876712329,0.16754974945019524,0.1549156774902344,353
put,733.0,2026-10-30,28.355,0.4602739726027397,0.190144284369549,0.1618278398132324,1
put,734.0,2026-05-22,3.915,0.019178082191780823,0.1744564993226043,0.15946275115966796,795
put,734.0,2026-06-12,9.415,0.07671232876712329,0.16613356855502492,0.15338981384277345,190
put,734.0,2026-10-30,28.67,0.4602739726027397,0.18952251838322742,0.1609504682159424,1
put,735.0,2026-05-22,4.105,0.019178082191780823,0.1703006443266903,0.15543447113037112,19868
put,735.0,2026-06-12,9.76,0.07671232876712329,0.1653558246340832,0.15235222656250003,246
put,735.0,2026-08-21,21.035,0.2684931506849315,0.17880921776676442,0.1568993002319336,187
put,735.0,2026-10-30,29.0,0.4602739726027397,0.18896029753194485,0.1601570191192627,2
put,735.0,2027-06-17,46.17,1.0904109589041096,0.20554781747851536,0.1604469332122803,4
put,735.0,2028-06-16,62.085,2.0904109589041098,0.21695230005885344,0.15384757293701173,27
put,736.0,2026-05-22,4.425000000000001,0.019178082191780823,0.16912798216041067,0.15418326293945314,2524
put,736.0,2026-06-12,10.085,0.07671232876712329,0.16419346355058073,0.15103998382568362,27
put,736.0,2026-10-30,29.365000000000002,0.4602739726027397,0.18855979428649353,0.15953904434204103,5
put,737.0,2026-05-22,4.765000000000001,0.019178082191780823,0.16794933660206016,0.152901537475586,995
put,737.0,2026-06-12,10.405000000000001,0.07671232876712329,0.16283944864262034,0.14948360290527346,113
put,737.0,2026-10-30,29.745,0.4602739726027397,0.18821706954801887,0.15894395751953128,15
put,738.0,2026-05-22,5.145,0.019178082191780823,0.16724764002409595,0.1520165365600586,2788
put,738.0,2026-06-12,10.805,0.07671232876712329,0.16234814855857332,0.14873592971801758,286
put,738.0,2026-10-30,30.075,0.4602739726027397,0.1875990874212144,0.15808947387695313,2
put,739.0,2026-05-22,5.5,0.019178082191780823,0.1653793511103987,0.15015498291015628,1647
put,739.0,2026-06-12,11.155000000000001,0.07671232876712329,0.16109796738088497,0.14725584197998048,504
put,739.0,2026-10-30,30.575,0.4602739726027397,0.18783041934166692,0.15804369796752932,13
put,740.0,2026-05-22,5.880000000000001,0.019178082191780823,0.16358944291099828,0.1482629119873047,11413
put,740.0,2026-06-12,11.54,0.07671232876712329,0.16014168436985668,0.14597411651611325,1884
put,740.0,2026-08-21,22.85,0.2684931506849315,0.17588885948368163,0.15274895111083986,672
put,740.0,2026-10-30,30.915,0.4602739726027397,0.18722484759093547,0.1571892143249512,28
put,740.0,2027-06-17,48.0,1.0904109589041096,0.2042426935036777,0.15792925819396972,22
put,740.0,2028-06-16,63.739999999999995,2.0904109589041098,0.2157297416548356,0.15145959632873537,1
put,741.0,2026-05-22,6.324999999999999,0.019178082191780823,0.16283355357319496,0.14719480743408203,5560
put,741.0,2026-06-12,11.935,0.07671232876712329,0.15916712143296213,0.14478394287109375,512
put,741.0,2026-10-30,31.175,0.4602739726027397,0.18619422737850297,0.15590748886108396,1
put,742.0,2026-05-22,6.789999999999999,0.019178082191780823,0.16198860825976952,0.14624877197265623,5303
put,742.0,2026-06-12,12.325,0.07671232876712329,0.15798773992141527,0.14331911376953127,259
put,742.0,2026-10-30,31.535,0.4602739726027397,0.18565377750055392,0.1550987811279297,10
put,743.0,2026-05-22,7.265000000000001,0.019178082191780823,0.1608020340040838,0.1458825646972656,354
put,743.0,2026-06-12,12.745000000000001,0.07671232876712329,0.1570294885014945,0.14206790557861326,76
put,743.0,2026-10-30,31.915,0.4602739726027397,0.18519547213043,0.15436636657714847,7
put,744.0,2026-05-22,7.795,0.019178082191780823,0.16036885847296725,0.14582153015136717,297
put,744.0,2026-06-12,13.2,0.07671232876712329,0.15634999852452353,0.14112187011718752,75
put,744.0,2026-10-30,32.31,0.4602739726027397,0.18479344896334549,0.15370261589050294,2
put,745.0,2026-05-22,8.34,0.019178082191780823,0.15970896598112597,0.14429566650390624,1241
put,745.0,2026-06-12,13.66,0.07671232876712329,0.1555807969382072,0.13999273101806642,443
put,745.0,2026-08-21,24.91,0.2684931506849315,0.17368933084529722,0.14910213699340819,244
put,745.0,2026-10-30,32.7,0.4602739726027397,0.1843464097879114,0.15297020133972172,10
put,745.0,2027-06-17,49.7,1.0904109589041096,0.2023223581670736,0.15474020317077639,6
put,745.0,2028-06-16,65.62,2.0904109589041098,0.21499346566995117,0.14951030551910405,3
put,746.0,2026-05-22,8.89,0.019178082191780823,0.15856354202453218,0.14286135467529298,377
put,746.0,2026-06-12,14.309999999999999,0.07671232876712329,0.1569835945062098,0.14103031829833984,81
put,746.0,2026-10-30,33.215,0.4602739726027397,0.18450917646658044,0.1528099856567383,14
put,747.0,2026-05-22,9.46,0.019178082191780823,0.1572934578101024,0.1412439392089844,473
put,747.0,2026-06-12,14.754999999999999,0.07671232876712329,0.15572796098859373,0.14017583465576172,90
put,748.0,2026-05-22,10.175,0.019178082191780823,0.15916742284385121,0.14301394104003906,824
put,749.0,2026-05-22,10.855,0.019178082191780823,0.15958797323070256,0.14295290649414064,390
put,749.0,2026-06-12,15.615,0.07671232876712329,0.15236564627284602,0.13636117553710939,18
put,750.0,2026-05-22,11.45,0.019178082191780823,0.1570830545522872,0.14096928375244144,1784
put,750.0,2026-06-12,16.13,0.07671232876712329,0.15148751766638638,0.1348658291625977,119
put,750.0,2026-08-21,27.055,0.2684931506849315,0.17111447997771953,0.14489075332641604,226
put,750.0,2026-10-30,34.855,0.4602739726027397,0.18284131069543946,0.14991084472656252,21
put,750.0,2027-06-17,51.625,1.0904109589041096,0.20098067020101662,0.15204705383300782,28
put,750.0,2028-06-16,67.405,2.0904109589041098,0.2139326613679557,0.14714521686553955,4
put,755.0,2026-05-22,15.55,0.019178082191780823,0.16879405700356648,0.14850705017089844,226
put,755.0,2026-06-12,19.05,0.07671232876712329,0.14899248008235608,0.12966263412475587,7
put,755.0,2026-08-21,29.455,0.2684931506849315,0.169245503525399,0.1411142407989502,1032
put,755.0,2026-10-30,36.900000000000006,0.4602739726027397,0.18027750788961236,0.1456842024230957,14
put,755.0,2027-06-17,53.66,1.0904109589041096,0.19982118725276543,0.14943782699584962,3
put,755.0,2028-06-16,69.32,2.0904109589041098,0.2131113682201647,0.14497467582702636,25
put,760.0,2026-05-22,19.8,0.019178082191780823,0.17526250654597988,0.15058222473144534,4762
put,760.0,2026-06-12,22.465,0.07671232876712329,0.149000619199806,0.1263515100097656,41
put,760.0,2026-08-21,32.2,0.2684931506849315,0.16866053960774255,0.13872626419067385,24
put,760.0,2026-10-30,39.269999999999996,0.4602739726027397,0.1788183847790641,0.14234256103515625,4
put,760.0,2027-06-17,55.58,1.0904109589041096,0.1980985777968814,0.14616484947204586,64
put,760.0,2028-06-16,71.37,2.0904109589041098,0.21253612318636092,0.14298342376708983,2
put,765.0,2026-05-22,24.6,0.019178082191780823,0.19657031204906142,0.17847501220703127,22
put,765.0,2026-06-12,26.369999999999997,0.07671232876712329,0.15236685276111278,0.12622944091796873,42
put,765.0,2026-08-21,34.879999999999995,0.2684931506849315,0.16666182846760555,0.13430125961303713,17
put,765.0,2026-10-30,41.685,0.4602739726027397,0.17705605502988112,0.13889410919189454,1
put,765.0,2027-06-17,57.89,1.0904109589041096,0.19747077893947548,0.14386842468261718,31
put,765.0,2028-06-16,73.315,2.0904109589041098,0.21161540064203774,0.14056874454498292,1
put,770.0,2026-06-12,30.4,0.07671232876712329,0.1545144016853498,0.12345236907958985,55
put,770.0,2026-08-21,37.95,0.2684931506849315,0.16627776611117562,0.1310664286804199,19
put,770.0,2026-10-30,44.355000000000004,0.4602739726027397,0.17603442169558403,0.13562876098632815,1
put,770.0,2027-06-17,59.995000000000005,1.0904109589041096,0.19598317775826968,0.1406107057952881,2
put,770.0,2028-06-16,75.41499999999999,2.0904109589041098,0.2109863594574754,0.13839820350646972,1
put,775.0,2026-10-30,47.230000000000004,0.4602739726027397,0.17551242379561147,0.13253125778198244,2
put,775.0,2027-06-17,62.315,1.0904109589041096,0.19500736719540807,0.13774971145629883,2
put,775.0,2028-06-16,77.555,2.0904109589041098,0.21036626734078703,0.13616281326293944,1
put,780.0,2026-05-22,39.675,0.019178082191780823,0.28259019488354553,0.243171630859375,50
put,780.0,2026-06-12,39.900000000000006,0.07671232876712329,0.17772214880900433,0.17041845214843754,4
put,780.0,2026-08-21,44.765,0.2684931506849315,0.16734437687245604,0.1251765950012207,11
put,780.0,2026-10-30,50.24,0.4602739726027397,0.17515053120103516,0.1292964268493652,8
put,780.0,2027-06-17,64.72,1.0904109589041096,0.19411643790547917,0.13477427734375003,1
put,780.0,2028-06-16,79.945,2.0904109589041098,0.21025962501243833,0.13432414756774905,1
put,785.0,2026-06-12,44.8,0.07671232876712329,0.1908796082605356,0.18320518951416015,0
put,785.0,2026-08-21,48.535,0.2684931506849315,0.16917507968164663,0.12302512725830078,16
put,785.0,2027-06-17,67.345,1.0904109589041096,0.1937465017632538,0.13221845573425295,3
put,785.0,2028-06-16,82.085,2.0904109589041098,0.20946270344484044,0.1317263647079468,1
put,790.0,2026-08-21,52.455,0.2684931506849315,0.1713620427764943,0.12085840087890626,2
put,790.0,2026-10-30,56.894999999999996,0.4602739726027397,0.17618487372204764,0.1238796109008789,0
put,790.0,2027-06-17,69.93,1.0904109589041096,0.1930552110547731,0.1291056938934326,3
put,790.0,2028-06-16,84.42500000000001,2.0904109589041098,0.20905686785164942,0.1293956079864502,1
put,795.0,2026-05-22,54.905,0.019178082191780823,0.37240250516886914,0.3949645465087891,1
put,795.0,2026-10-30,61.269999999999996,0.4602739726027397,0.18158023711312404,0.13190565368652346,56
put,795.0,2027-06-17,72.775,1.0904109589041096,0.19301574846439293,0.12653461364746094,2
put,795.0,2028-06-16,87.035,2.0904109589041098,0.20920347333333475,0.12759890354156495,1
put,800.0,2026-05-22,59.69,0.019178082191780823,0.38369157180883273,0.4085752502441406,2
put,800.0,2026-08-21,60.894999999999996,0.2684931506849315,0.17846547008772604,0.13526255371093754,1
put,800.0,2027-06-17,76.37,1.0904109589041096,0.19522511553761154,0.13002884140014648,4
put,800.0,2028-06-16,89.37,2.0904109589041098,0.20860866601452635,0.12487905158996582,1
put,805.0,2026-08-21,65.545,0.2684931506849315,0.18480591225584095,0.13727669372558599,1
put,805.0,2027-06-17,79.39,1.0904109589041096,0.19538747973452214,0.12738909729003906,1
put,810.0,2027-06-17,81.765,1.0904109589041096,0.1932582958082066,0.12445180976867676,2
put,810.0,2028-06-16,109.505,2.0904109589041098,0.24360385089524325,0.16264036220550537,1
put,815.0,2026-08-21,74.86,0.2684931506849315,0.19666031654661975,0.14222049194335937,0
put,815.0,2027-06-17,85.06,1.0904109589041096,0.19395431115639833,0.12220116088867189,0
put,815.0,2028-06-16,97.505,2.0904109589041098,0.2089654618669922,0.11823391540527343,2
put,820.0,2027-06-17,88.425,1.0904109589041096,0.19470988578247692,0.1194774942779541,4
put,820.0,2028-06-16,131.225,2.0904109589041098,0.2818496733445051,0.19773141143798828,10
put,830.0,2028-06-16,139.6,2.0904109589041098,0.2882194009022098,0.20141637214660643,0
put,835.0,2027-06-17,100.24000000000001,1.0904109589041096,0.2017741485089095,0.11385468673706053,1
put,835.0,2028-06-16,109.225,2.0904109589041098,0.2102813311727816,0.1081670299911499,0
put,840.0,2027-06-17,103.28999999999999,1.0904109589041096,0.20084748164767152,0.10248700256347655,6
put,840.0,2028-06-16,112.515,2.0904109589041098,0.21124499247467662,0.10600030361175537,5
put,845.0,2028-06-16,153.755,2.0904109589041098,0.30099743950664076,0.21016338550567626,0
put,850.0,2028-06-16,158.95499999999998,2.0904109589041098,0.306255545608026,0.2138369022369385,0
put,855.0,2026-10-30,114.76,0.4602739726027397,0.2327780318285097,0.14609618560791016,1
put,855.0,2027-06-17,116.08500000000001,1.0904109589041096,0.20966625842406927,0.10720192123413086,0
put,860.0,2026-10-30,119.91,0.4602739726027397,0.24027471689341423,0.15207757110595704,1
put,860.0,2027-06-17,120.58,1.0904109589041096,0.21319565597874163,0.1067594207763672,1
put,870.0,2027-06-17,129.86,1.0904109589041096,0.22101118592333596,0.10720192123413086,2
put,870.0,2028-06-16,178.75,2.0904109589041098,0.32433113767298827,0.22658549301147457,0
put,880.0,2026-05-22,139.70499999999998,0.019178082191780823,0.7270198521735035,0.6232947827148438,0
put,900.0,2026-05-22,159.71,0.019178082191780823,0.8035448908556929,0.6894562304687502,0
put,1000.0,2028-06-16,308.91499999999996,2.0904109589041098,0.4285308239422165,0.2976945536422728,1
put,1330.0,2027-06-17,672.5,1.0904109589041096,0.8493761656672817,0.0,1
put,1340.0,2027-06-17,682.53,1.0904109589041096,0.8552918442587906,0.0,1
put,1360.0,2028-06-16,699.015,2.0904109589041098,0.7104035188802708,0.5055858462905882,3
call,400.0,2028-06-16,370.485,2.0904109589041098,0.1965633173985257,0.4483087396240234,1
call,405.0,2028-06-16,366.26,2.0904109589041098,0.2131065239934981,0.44653873779296877,2
call,410.0,2027-06-17,347.145,1.0904109589041096,0.23522579714121275,0.49695327270507816,1
call,410.0,2028-06-16,361.855,2.0904109589041098,0.2175480714706646,0.4421518798065186,13
call,420.0,2027-06-17,337.635,1.0904109589041096,0.2376192233413565,0.485005760345459,2
call,420.0,2028-06-16,353.31,2.0904109589041098,0.2289581442724764,0.43588058021545417,1
call,425.0,2027-06-17,333.195,1.0904109589041096,0.25731383290127435,0.48111480804443363,0
call,430.0,2028-06-16,344.615,2.0904109589041098,0.23263129740698532,0.4295024701690674,1
call,435.0,2027-06-17,324.07,1.0904109589041096,0.2684080329762883,0.47316505844116213,10
call,435.0,2028-06-16,340.315,2.0904109589041098,0.2344508529453647,0.4251156121826172,1
call,440.0,2027-06-17,319.15999999999997,1.0904109589041096,0.26000086535597855,0.4652916020202637,1
call,440.0,2028-06-16,336.05,2.0904109589041098,0.23627566626946073,0.4207363835144043,1
call,445.0,2027-06-17,314.90999999999997,1.0904109589041096,0.27277558844005445,0.4639946179199219,1
call,450.0,2027-06-17,310.195,1.0904109589041096,0.2703652821386207,0.45725030059814464,1
call,450.0,2028-06-16,327.63,2.0904109589041098,0.23990897480275658,0.4164715946197509,2
call,455.0,2027-06-17,305.64,1.0904109589041096,0.271772658209723,0.4531533567047119,1
call,460.0,2027-06-17,301.105,1.0904109589041096,0.2730226066957151,0.44902589553833,1
call,460.0,2028-06-16,319.37,2.0904109589041098,0.24354883107637418,0.4098264584350586,1
call,465.0,2027-06-17,296.58500000000004,1.0904109589041096,0.2740206505628055,0.4448602877807617,1
call,465.0,2028-06-16,315.305,2.0904109589041098,0.24538050956941462,0.4075376629638672,2
call,470.0,2027-06-17,291.995,1.0904109589041096,0.27320914319978257,0.4403742486572265,8
call,475.0,2026-05-22,269.09,0.019178082191780823,1.8603954732469965,0.0,0
call,475.0,2027-06-17,287.49,1.0904109589041096,0.27363942240161326,0.43601027862548825,1
call,475.0,2028-06-16,306.845,2.0904109589041098,0.24490067563040172,0.4007628283691406,1
call,480.0,2027-06-17,282.9,1.0904109589041096,0.2722653314226198,0.431219066772461,3
call,480.0,2028-06-16,302.77,2.0904109589041098,0.24572226848002718,0.39835196380615234,1
call,485.0,2027-06-17,278.12,1.0904109589041096,0.2676515123351512,0.42461207717895505,0
call,485.0,2028-06-16,298.245,2.0904109589041098,0.24254207847097453,0.39391932991027834,1
call,490.0,2027-06-17,273.9,1.0904109589041096,0.2716375698648912,0.42249112670898437,8
call,490.0,2028-06-16,294.355,2.0904109589041098,0.24448413638987454,0.39145506011962883,1
call,495.0,2027-06-17,269.39,1.0904109589041096,0.27074659850807775,0.41808138076782225,1
call,495.0,2028-06-16,290.35,2.0904109589041098,0.24517988773940122,0.38894501441955565,1
call,500.0,2027-06-17,264.91,1.0904109589041096,0.2700203350786372,0.4138242211914062,9
call,500.0,2028-06-16,286.235,2.0904109589041098,0.2448326344118674,0.38639682212829585,2
call,505.0,2027-06-17,260.4,1.0904109589041096,0.2686723175412134,0.40936107002258304,1
call,505.0,2028-06-16,282.22,2.0904109589041098,0.2450179422749026,0.38380285392761226,2
call,510.0,2027-06-17,255.90499999999997,1.0904109589041096,0.26732013328653853,0.404928436126709,2
call,510.0,2028-06-16,277.93,2.0904109589041098,0.24316782164325948,0.37933207344055175,1
call,515.0,2027-06-17,251.415,1.0904109589041096,0.26584279125444377,0.4007017938232422,11
call,515.0,2028-06-16,273.7,2.0904109589041098,0.241649685072419,0.3766923293304443,1
call,520.0,2027-06-17,247.02,1.0904109589041096,0.26523755859068876,0.3966582551574707,7
call,520.0,2028-06-16,269.84000000000003,2.0904109589041098,0.24237850511911005,0.37401443862915035,1
call,525.0,2027-06-17,242.56,1.0904109589041096,0.26370809117247973,0.39235531967163084,1
call,525.0,2028-06-16,265.855,2.0904109589041098,0.2421251216390038,0.37129840133666997,1
call,530.0,2027-06-17,238.14,1.0904109589041096,0.2624169452084768,0.38780824600219727,1
call,530.0,2028-06-16,261.81,2.0904109589041098,0.24136715163798775,0.3685442174530029,2
call,535.0,2027-06-17,233.64,1.0904109589041096,0.26017190468998574,0.3832230257415771,15
call,535.0,2028-06-16,257.84000000000003,2.0904109589041098,0.2409118870340756,0.3657595162963867,10
call,540.0,2027-06-17,229.36,1.0904109589041096,0.25986048795819666,0.38015603981018065,8
call,540.0,2028-06-16,253.815,2.0904109589041098,0.24001873177632227,0.36294429786682136,1
call,545.0,2027-06-17,224.945,1.0904109589041096,0.25809368938650035,0.37602857864379885,1
call,545.0,2028-06-16,249.57999999999998,2.0904109589041098,0.2378986366896906,0.3584124828338623,11
call,550.0,2027-06-17,220.615,1.0904109589041096,0.2569113009895213,0.37190111747741694,2
call,550.0,2028-06-16,245.85500000000002,2.0904109589041098,0.23837455367062896,0.3572070505523681,28
call,555.0,2026-08-21,191.54500000000002,0.2684931506849315,0.19947501692601433,0.43478958770751963,1
call,555.0,2027-06-17,216.03,1.0904109589041096,0.2534366406530426,0.36702598312377926,2
call,560.0,2026-08-21,186.7,0.2684931506849315,0.22293693196544068,0.4270687176513672,1
call,560.0,2027-06-17,212.445,1.0904109589041096,0.2578458571814474,0.36422602333068854,1
call,560.0,2028-06-16,237.91500000000002,2.0904109589041098,0.23639407227159848,0.3513477341461181,1
call,565.0,2026-08-21,181.87,0.2684931506849315,0.2334366409613871,0.4194393994140625,8
call,565.0,2027-06-17,208.02499999999998,1.0904109589041096,0.25534630997291236,0.35986968261718744,1
call,565.0,2028-06-16,233.805,2.0904109589041098,0.23458945724268224,0.34837230003356934,8
call,570.0,2026-08-21,176.91500000000002,0.2684931506849315,0.22658068394946884,0.4115964602661133,8
call,570.0,2026-10-30,182.515,0.4602739726027397,0.24336791458826865,0.3738008177185058,2
call,570.0,2027-06-17,203.76,1.0904109589041096,0.25387994804894193,0.35610079940795897,2
call,570.0,2028-06-16,230.3,2.0904109589041098,0.23552043638004774,0.3469456175231933,1
call,575.0,2026-08-21,172.23,0.2684931506849315,0.24238836199069924,0.4044554183959961,1
call,575.0,2027-06-17,199.33499999999998,1.0904109589041096,0.2511267438956527,0.35165290687561035,8
call,575.0,2028-06-16,226.365,2.0904109589041098,0.23432248130657257,0.34389007556915285,1
call,580.0,2026-08-21,167.385,0.2684931506849315,0.2420646521663549,0.39649041015625003,5
call,580.0,2027-06-17,195.15,1.0904109589041096,0.249933269421607,0.34787639434814455,1
call,580.0,2028-06-16,222.38,2.0904109589041098,0.23281832819356052,0.34080401634216306,1
call,585.0,2026-08-21,162.62,0.2684931506849315,0.24483317258764997,0.38931885101318364,3
call,585.0,2026-10-30,168.58499999999998,0.4602739726027397,0.24132155854059095,0.35703157623291015,2
call,585.0,2027-06-17,191.01999999999998,1.0904109589041096,0.2489248672334747,0.3448170377349854,1
call,585.0,2028-06-16,218.515,2.0904109589041098,0.23175410232985616,0.33769506916046144,1
call,590.0,2026-08-21,157.82999999999998,0.2684931506849315,0.24485776320817126,0.38150642913818356,2
call,590.0,2026-10-30,164.005,0.4602739726027397,0.24077255310992596,0.35195045028686517,3
call,590.0,2027-06-17,186.82999999999998,1.0904109589041096,0.2473463714540231,0.3412694047546387,15
call,590.0,2028-06-16,214.83499999999998,2.0904109589041098,0.23136796654697694,0.3360585803985596,2
call,595.0,2026-08-21,153.01,0.2684931506849315,0.24275711957421703,0.3741822836303711,529
call,595.0,2027-06-17,182.66500000000002,1.0904109589041096,0.2457706926905281,0.33743948699951176,4
call,595.0,2028-06-16,210.775,2.0904109589041098,0.22931043598261477,0.3328771546936035,2
call,600.0,2026-08-21,148.235,0.2684931506849315,0.24167117200755872,0.3674074490356446,496
call,600.0,2026-10-30,154.78,0.4602739726027397,0.23719386599270098,0.34110155975341794,3
call,600.0,2027-06-17,178.465,1.0904109589041096,0.24383328441766156,0.3338918540191651,2
call,600.0,2028-06-16,207.04000000000002,2.0904109589041098,0.22850012502375527,0.32966139705657954,1
call,605.0,2026-08-21,143.57999999999998,0.2684931506849315,0.2435328757443047,0.3606326144409179,2
call,605.0,2027-06-17,174.335,1.0904109589041096,0.24217318088280643,0.330061936264038,1
call,605.0,2028-06-16,203.41,2.0904109589041098,0.22799577366475057,0.32787995124816893,1
call,610.0,2026-08-21,138.75,0.2684931506849315,0.23925443252303982,0.35332372756958,2
call,610.0,2026-10-30,145.76,0.4602739726027397,0.23501184668301203,0.3204108486938476,0
call,610.0,2027-06-17,170.175,1.0904109589041096,0.2401958253770282,0.3263846048736573,2
call,610.0,2028-06-16,199.54000000000002,2.0904109589041098,0.2264621180103288,0.32459171508789053,13
call,615.0,2026-08-21,134.02499999999998,0.2684931506849315,0.23745129638783932,0.3461521684265136,6
call,615.0,2026-10-30,141.18,0.4602739726027397,0.23238101671290015,0.3150703259277343,2
call,615.0,2027-06-17,166.075,1.0904109589041096,0.23841940513230703,0.3229666703033447,1
call,615.0,2028-06-16,195.95499999999998,2.0904109589041098,0.2259201619932049,0.3227072734832762,2
call,620.0,2026-08-21,129.405,0.2684931506849315,0.2374847675684296,0.33908741973876955,1
call,620.0,2026-10-30,136.79500000000002,0.4602739726027397,0.2318063793589418,0.3109352354431152,0
call,620.0,2027-06-17,161.975,1.0904109589041096,0.23650161803972053,0.3192740802764892,1
call,620.0,2028-06-16,192.31,2.0904109589041098,0.22504717127075538,0.32076942665100094,2
call,625.0,2026-08-21,124.68,0.2684931506849315,0.23435243240117137,0.33223629196167,1
call,625.0,2027-06-17,157.09,1.0904109589041096,0.2303178656263192,0.3088753195190429,5
call,625.0,2028-06-16,188.47,2.0904109589041098,0.22337989409853154,0.3173705653762817,1
call,630.0,2026-08-21,120.05,0.2684931506849315,0.2326724300589653,0.32565981964111324,1
call,630.0,2026-10-30,127.84,0.4602739726027397,0.22723386360856515,0.3006509144592285,1
call,630.0,2027-06-17,153.715,1.0904109589041096,0.23196216744593728,0.3113853652191161,3
call,630.0,2028-06-16,184.935,2.0904109589041098,0.2227159808757492,0.31533353740692127,1
call,635.0,2026-08-21,115.39,0.2684931506849315,0.2297917614641703,0.31868662277221677,1
call,635.0,2026-10-30,123.35,0.4602739726027397,0.22434082411326903,0.29529513305664057,0
call,635.0,2027-06-17,149.0,1.0904109589041096,0.2265876050170887,0.30190212265014654,4
call,635.0,2028-06-16,181.095,2.0904109589041098,0.22089869416767385,0.3118660122680663,2
call,640.0,2026-08-21,111.05000000000001,0.2684931506849315,0.2318102995958924,0.2995065167236328,396
call,640.0,2026-10-30,119.02,0.4602739726027397,0.2227350110410519,0.29077857666015616,78
call,640.0,2027-06-17,144.935,1.0904109589041096,0.2244152569472292,0.29799591171264644,5
call,640.0,2028-06-16,177.57,2.0904109589041098,0.22008403803025703,0.30973361782073977,2
call,641.0,2026-10-30,118.14,0.4602739726027397,0.22223023499665237,0.28971047210693357,2
call,645.0,2026-06-12,98.155,0.07671232876712329,0.22995112909526916,0.38812867736816403,5
call,645.0,2026-08-21,106.36,0.2684931506849315,0.22721628042493125,0.29360142440795894,1
call,645.0,2027-06-17,141.08999999999997,1.0904109589041096,0.22316726603489861,0.29518832260131833,4
call,645.0,2028-06-16,173.905,2.0904109589041098,0.2187075314695376,0.3075478181457519,1
call,650.0,2026-06-12,93.14,0.07671232876712329,0.21442720355815792,0.3696962445068359,5
call,650.0,2026-08-21,101.78999999999999,0.2684931506849315,0.22407450820556754,0.2868113311767577,2
call,650.0,2026-10-30,110.32,0.4602739726027397,0.21801276821421312,0.2810740838623046,2
call,650.0,2027-06-17,137.78,1.0904109589041096,0.22422932319678288,0.2966684103393554,1
call,650.0,2028-06-16,170.115,2.0904109589041098,0.21684614386150597,0.30396966789245605,1
call,651.0,2026-10-30,109.465,0.4602739726027397,0.2175983686038439,0.28040270385742183,0
call,652.0,2026-10-30,108.58,0.4602739726027397,0.21690762770830768,0.2790599438476562,0
call,655.0,2026-06-12,88.095,0.07671232876712329,0.19287814367738787,0.35193519165039056,2
call,655.0,2026-08-21,96.44999999999999,0.2684931506849315,0.20943523240372341,0.2802196002197265,14
call,655.0,2026-10-30,106.67500000000001,0.4602739726027397,0.2210753522443139,0.28472089797973626,2
call,655.0,2027-06-17,134.15499999999997,1.0904109589041096,0.2235776286502037,0.2948831498718261,2
call,655.0,2028-06-16,166.945,2.0904109589041098,0.2169086475253045,0.303016003112793,1
call,660.0,2026-06-12,83.48,0.07671232876712329,0.22575052479997093,0.3417424224853516,1
call,660.0,2026-08-21,92.62,0.2684931506849315,0.2159769739967252,0.2731090756225586,2
call,660.0,2026-10-30,102.38499999999999,0.4602739726027397,0.2181700383856337,0.27948718566894526,1
call,660.0,2027-06-17,130.26,1.0904109589041096,0.22153591523866714,0.291427068710327,2
call,660.0,2028-06-16,163.075,2.0904109589041098,0.21464257381667728,0.29935774501800533,5
call,661.0,2026-10-30,100.66,0.4602739726027397,0.21060114672320002,0.2690502783203125,0
call,662.0,2026-10-30,99.78999999999999,0.4602739726027397,0.20992901244502232,0.26791350990295415,6
call,665.0,2026-06-12,78.67,0.07671232876712329,0.22572883745225744,0.2949899603271484,3
call,665.0,2026-08-21,88.06,0.2684931506849315,0.2116322123248411,0.26558656784057616,37
call,665.0,2027-06-17,125.78,1.0904109589041096,0.21682328608721194,0.28807016868591295,2
call,665.0,2028-06-16,159.925,2.0904109589041098,0.21455585106293093,0.2982781964874267,6
call,666.0,2026-10-30,96.59,0.4602739726027397,0.2093093015348281,0.2654950160217285,1
call,668.0,2026-10-30,94.97,0.4602739726027397,0.20872731206854345,0.2639920403289795,0
call,670.0,2026-06-12,73.745,0.07671232876712329,0.21670559073066503,0.3171455004882812,6
call,670.0,2026-08-21,83.765,0.2684931506849315,0.2099780126370002,0.260749580078125,289
call,670.0,2026-10-30,93.255,0.4602739726027397,0.2073624708894131,0.2617108741760254,3
call,670.0,2027-06-17,122.595,1.0904109589041096,0.2175719905383948,0.2846827513885497,2
call,670.0,2028-06-16,156.385,2.0904109589041098,0.21316254614858884,0.2958291853332519,2
call,675.0,2026-06-12,69.015,0.07671232876712329,0.21679057437693605,0.3034737622070312,3
call,675.0,2026-08-21,79.16,0.2684931506849315,0.20420580952636264,0.25333388275146485,103
call,675.0,2026-10-30,89.685,0.4602739726027397,0.20890859208823034,0.2640607041931152,2
call,675.0,2027-06-17,118.185,1.0904109589041096,0.2129790700622938,0.28141740318298336,47
call,675.0,2028-06-16,152.95,2.0904109589041098,0.21200626421323196,0.29333439826965324,2
call,677.0,2026-06-12,67.14500000000001,0.07671232876712329,0.21693575231826193,0.30011686218261713,0
call,677.0,2026-10-30,87.41,0.4602739726027397,0.2033471040121761,0.254813970489502,1
call,679.0,2026-06-12,65.075,0.07671232876712329,0.2082542507868567,0.29621065124511714,3
call,680.0,2026-06-12,64.415,0.07671232876712329,0.21906640950910894,0.29254857849121085,7000
call,680.0,2026-08-21,74.87,0.2684931506849315,0.20143671994197465,0.24761189407348633,76
call,680.0,2026-10-30,85.655,0.4602739726027397,0.2066206587159977,0.25987983779907226,1
call,680.0,2027-06-17,114.89,1.0904109589041096,0.212883057709552,0.27648123428344723,6
call,680.0,2028-06-16,149.435,2.0904109589041098,0.21052894158750884,0.2907823913192748,1
call,682.0,2026-06-12,62.11,0.07671232876712329,0.20128041570474708,0.2811961529541015,1
call,683.0,2026-06-12,61.405,0.07671232876712329,0.20993264176728568,0.2852549502563476,2
call,684.0,2026-06-12,60.33,0.07671232876712329,0.20424655284335674,0.2818064984130859,2
call,685.0,2026-06-12,59.555,0.07671232876712329,0.20935628895071018,0.28162339477539056,5
call,685.0,2026-08-21,70.66,0.2684931506849315,0.19884006494943088,0.24285119949340817,25
call,685.0,2026-10-30,80.235,0.4602739726027397,0.19461448369491374,0.24770344589233395,7
call,685.0,2027-06-17,111.16,1.0904109589041096,0.2108295095718741,0.2739788179016113,1
call,685.0,2028-06-16,146.015,2.0904109589041098,0.2092522192488666,0.28818079380035394,3
call,686.0,2026-06-12,58.61,0.07671232876712329,0.20824102898111638,0.2789683920288085,2
call,686.0,2026-10-30,80.055,0.4602739726027397,0.19830719139434114,0.24648275497436523,1
call,687.0,2026-06-12,57.655,0.07671232876712329,0.2067367808186076,0.2758861474609374,1
call,688.0,2026-06-12,56.685,0.07671232876712329,0.20470623211573583,0.2727733856201171,2
call,688.0,2026-10-30,79.16,0.4602739726027397,0.20187879154460062,0.2524565111541748,0
call,690.0,2026-06-12,54.705,0.07671232876712329,0.1993176645188128,0.25818612915039063,3
call,690.0,2026-08-21,66.44999999999999,0.2684931506849315,0.19559015083180675,0.23697662445068357,22
call,690.0,2026-10-30,76.85499999999999,0.4602739726027397,0.1961488134479594,0.24275964767456054,1
call,690.0,2027-06-17,106.695,1.0904109589041096,0.2057445065656196,0.26987805934906,1
call,690.0,2028-06-16,142.53,2.0904109589041098,0.20770732547490647,0.28552960571289054,3
call,691.0,2026-06-12,53.655,0.07671232876712329,0.1947337960858807,0.2578809564208985,2
call,692.0,2026-06-12,52.69,0.07671232876712329,0.19281588918187093,0.23520662261962888,1
call,692.0,2026-10-30,75.95,0.4602739726027397,0.1994175154635803,0.2486952572631836,0
call,693.0,2026-06-12,52.105000000000004,0.07671232876712329,0.20186510861122697,0.24134059448242187,6
call,694.0,2026-06-12,51.1,0.07671232876712329,0.1985973664092496,0.23688507263183595,3
call,694.0,2026-10-30,74.33,0.4602739726027397,0.19800841797234278,0.2463912031555176,1
call,695.0,2026-06-12,49.96,0.07671232876712329,0.19159388484132336,0.23084265258789063,43
call,695.0,2026-08-21,62.285,0.2684931506849315,0.1921342904277257,0.23133092895507812,12
call,695.0,2026-10-30,73.55000000000001,0.4602739726027397,0.1974712129106991,0.24584189224243164,3
call,695.0,2027-06-17,103.39,1.0904109589041096,0.20509086304607257,0.26821105331420897,1
call,695.0,2028-06-16,139.385,2.0904109589041098,0.20704917071877724,0.2840724059295653,3
call,696.0,2026-06-12,49.315,0.07671232876712329,0.1980014346055562,0.23453524261474606,2
call,697.0,2026-06-12,48.41,0.07671232876712329,0.19721976484086712,0.23276524078369143,5
call,698.0,2026-06-12,47.295,0.07671232876712329,0.1911007212653348,0.22638713073730468,2
call,699.0,2026-06-12,46.67,0.07671232876712329,0.19706128868792017,0.23004920349121094,0
call,699.0,2026-10-30,69.515,0.4602739726027397,0.1895673689433483,0.2332764051055908,22
call,700.0,2026-06-12,45.59,0.07671232876712329,0.1918815506004586,0.22480023254394527,7
call,700.0,2026-08-21,58.11,0.2684931506849315,0.1879794512548346,0.22538006072998046,28
call,700.0,2026-10-30,68.925,0.4602739726027397,0.19014766347010548,0.23334506896972657,2
call,700.0,2027-06-17,99.545,1.0904109589041096,0.20218962138336186,0.2584378966522217,7
call,700.0,2028-06-16,135.61,2.0904109589041098,0.20453406050255682,0.28006701385498034,7
call,701.0,2026-06-12,44.730000000000004,0.07671232876712329,0.19186332421225616,0.22415936981201168,0
call,702.0,2026-06-12,43.879999999999995,0.07671232876712329,0.19193542793062246,0.22379316253662107,1
call,702.0,2026-10-30,67.39,0.4602739726027397,0.18907754805331992,0.23157506713867188,0
call,703.0,2026-06-12,43.055,0.07671232876712329,0.1924120035272853,0.22263350616455074,2
call,703.0,2026-10-30,66.65,0.4602739726027397,0.1886823191966404,0.23083502326965333,0
call,704.0,2026-06-12,42.120000000000005,0.07671232876712329,0.19040070685647803,0.22000902069091793,1
call,704.0,2026-10-30,65.64500000000001,0.4602739726027397,0.18668955225356387,0.22872933143615723,3
call,705.0,2026-06-12,41.035,0.07671232876712329,0.18517638540221182,0.2140581524658203,12
call,705.0,2026-08-21,54.06,0.2684931506849315,0.1842669781260162,0.21947496841430664,11
call,705.0,2026-10-30,65.66,0.4602739726027397,0.19073319470725375,0.23496248443603518,2
call,705.0,2027-06-17,96.86,1.0904109589041096,0.20348321537709574,0.2614896239471436,2
call,705.0,2028-06-16,132.565,2.0904109589041098,0.20397946978755338,0.2784915596389771,3
call,706.0,2026-06-12,40.3,0.07671232876712329,0.18726801217594477,0.2156755679321289,1
call,707.0,2026-06-12,39.5,0.07671232876712329,0.18780384101020964,0.21543142974853519,4
call,707.0,2026-10-30,63.59,0.4602739726027397,0.18633818380370265,0.22715006256103515,0
call,708.0,2026-06-12,38.59,0.07671232876712329,0.18604025743180128,0.21265435791015624,4
call,708.0,2026-10-30,63.379999999999995,0.4602739726027397,0.18893758756858084,0.23299412033081057,10
call,709.0,2026-06-12,37.510000000000005,0.07671232876712329,0.18093330799636362,0.20752745605468748,1
call,710.0,2026-06-12,36.85,0.07671232876712329,0.18383499254933472,0.20887021606445308,3
call,710.0,2026-08-21,50.1,0.2684931506849315,0.1806139162244607,0.21414970428466795,3
call,710.0,2026-10-30,61.93,0.4602739726027397,0.18806276032436647,0.23098760963439943,1
call,710.0,2027-06-17,93.11,1.0904109589041096,0.2006109527933132,0.25665263618469236,2
call,710.0,2028-06-16,129.385,2.0904109589041098,0.20295614035990922,0.27684744155883784,11
call,711.0,2026-06-12,35.78,0.07671232876712329,0.17890578115915143,0.20371279693603517,2
call,711.0,2026-10-30,60.61,0.4602739726027397,0.1841963701718244,0.22373212799072262,1
call,712.0,2026-05-22,29.68,0.019178082191780823,0.1071215104698877,0.187508125,15
call,712.0,2026-06-12,35.144999999999996,0.07671232876712329,0.18191383358266303,0.20624573059082027,1
call,712.0,2026-10-30,59.80500000000001,0.4602739726027397,0.18327634467316462,0.22260298889160152,18
call,713.0,2026-06-12,34.295,0.07671232876712329,0.18085451693467913,0.2039874523925781,1
call,713.0,2026-10-30,58.805,0.4602739726027397,0.1812357341763902,0.22046677978515622,2
call,714.0,2026-06-12,33.46,0.07671232876712329,0.1799603947910498,0.20288883056640622,2
call,714.0,2026-10-30,58.075,0.4602739726027397,0.1807178595017305,0.2194291925048828,2
call,715.0,2026-05-22,26.814999999999998,0.019178082191780823,0.13732248719011486,0.1834798449707031,1192
call,715.0,2026-06-12,32.585,0.07671232876712329,0.1782883562968024,0.20020331054687499,8
call,715.0,2026-08-21,46.075,0.2684931506849315,0.17578342599036975,0.20748168014526364,237
call,715.0,2026-10-30,57.629999999999995,0.4602739726027397,0.18178324215830477,0.22004716728210447,3
call,715.0,2027-06-17,89.87,1.0904109589041096,0.19944525936597807,0.2550275914001466,1
call,715.0,2028-06-16,125.92,2.0904109589041098,0.20107732711376283,0.2739177833557129,1
call,716.0,2026-05-22,25.96,0.019178082191780823,0.1508505615665099,0.18561605407714843,11
call,716.0,2026-06-12,31.805,0.07671232876712329,0.1781193687799202,0.19997443099975587,8
call,716.0,2026-10-30,56.83,0.4602739726027397,0.18083072398275182,0.21886462295532227,3
call,717.0,2026-05-22,24.725,0.019178082191780823,0.1100720871212336,0.15760119750976562,12
call,717.0,2026-06-12,30.73,0.07671232876712329,0.17299553886397814,0.19409985595703128,9
call,717.0,2026-10-30,56.07,0.4602739726027397,0.18008683160404307,0.21778125976562498,1
call,718.0,2026-05-22,24.025,0.019178082191780823,0.14709161327646353,0.1695639685058594,32
call,718.0,2026-06-12,30.115000000000002,0.07671232876712329,0.17531475491189996,0.19574778869628906,2
call,718.0,2026-10-30,55.445,0.4602739726027397,0.18007411236263748,0.21740742317199707,1
call,719.0,2026-05-22,22.875,0.019178082191780823,0.1270673536074635,0.15674671386718753,9
call,719.0,2026-06-12,29.03,0.07671232876712329,0.16998276196686699,0.19052933502197267,15
call,719.0,2026-10-30,54.7,0.4602739726027397,0.1793776664405736,0.21649953430175778,19
call,720.0,2026-05-22,22.244999999999997,0.019178082191780823,0.1531823886205389,0.1695639685058594,776
call,720.0,2026-06-12,28.485,0.07671232876712329,0.17308699884345496,0.1922383023071289,4
call,720.0,2026-08-21,42.519999999999996,0.2684931506849315,0.17374875029257486,0.20357546920776365,22
call,720.0,2026-10-30,53.725,0.4602739726027397,0.1774030131499708,0.21413444564819334,110
call,720.0,2027-06-17,85.37,1.0904109589041096,0.19360609731742845,0.24996172409057615,3
call,720.0,2028-06-16,122.89500000000001,2.0904109589041098,0.2002975627031907,0.2721477815246582,1
call,721.0,2026-05-22,21.07,0.019178082191780823,0.13539097844213865,0.15552602294921875,23
call,721.0,2026-06-12,27.685000000000002,0.07671232876712329,0.1720491267427756,0.19083450775146482,2
call,721.0,2026-10-30,53.265,0.4602739726027397,0.17823459703675723,0.2147447911071777,4
call,722.0,2026-05-22,20.23,0.019178082191780823,0.14120523678229258,0.15674671386718753,80
call,722.0,2026-06-12,26.8,0.07671232876712329,0.16963251474043978,0.18839312591552732,1
call,722.0,2026-10-30,52.510000000000005,0.4602739726027397,0.1774325201588555,0.2136919451904297,1
call,723.0,2026-05-22,19.545,0.019178082191780823,0.15327144696499923,0.1643760321044922,6
call,723.0,2026-06-12,26.08,0.07671232876712329,0.1695814470169489,0.1875386422729492,1
call,723.0,2026-10-30,51.8,0.4602739726027397,0.17685771120083024,0.21292901336669923,2
call,724.0,2026-05-22,18.64,0.019178082191780823,0.15190348468097137,0.16126327026367188,131
call,724.0,2026-06-12,25.1,0.07671232876712329,0.16561382298796934,0.18317467224121092,3
call,724.0,2026-10-30,50.9,0.4602739726027397,0.17524062833610113,0.21086909744262694,1
call,725.0,2026-05-22,17.875,0.019178082191780823,0.15625060552177478,0.16364361755371098,444
call,725.0,2026-06-12,24.32,0.07671232876712329,0.1644841604649452,0.1810689804077148,34
call,725.0,2026-08-21,38.675,0.2684931506849315,0.1687987641700364,0.196998996887207,5
call,725.0,2026-10-30,50.375,0.4602739726027397,0.1756264215877465,0.2109987958526611,66
call,725.0,2027-06-17,82.845,1.0904109589041096,0.19464469286919137,0.2472914627075195,3
call,725.0,2028-06-16,119.57,2.0904109589041098,0.1986342561356735,0.26909986888885495,24
call,726.0,2026-05-22,16.995,0.019178082191780823,0.1547526383029561,0.16126327026367188,31
call,726.0,2026-06-12,23.775,0.07671232876712329,0.16655514407065347,0.1829610513305664,11
call,726.0,2026-10-30,49.644999999999996,0.4602739726027397,0.1748899295859279,0.20978573425292968,1
call,727.0,2026-05-22,16.165,0.019178082191780823,0.15473679020195516,0.1604698211669922,114
call,727.0,2026-06-12,22.795,0.07671232876712329,0.1623757982483047,0.17841397766113282,15
call,727.0,2026-10-30,49.03,0.4602739726027397,0.17474850481945733,0.2095110787963867,7
call,728.0,2026-05-22,15.375,0.019178082191780823,0.1555582285249052,0.1598594757080078,132
call,728.0,2026-06-12,22.009999999999998,0.07671232876712329,0.16083596188072785,0.1764303549194336,16
call,728.0,2026-10-30,48.305,0.4602739726027397,0.17400128305269186,0.20847349151611322,2
call,729.0,2026-05-22,14.364999999999998,0.019178082191780823,0.14810270431209432,0.15253533020019533,417
call,729.0,2026-06-12,21.43,0.07671232876712329,0.16196587869960818,0.1771475108337402,10
call,729.0,2026-10-30,47.45,0.4602739726027397,0.17254975424445787,0.2065966792297363,1
call,730.0,2026-05-22,13.555,0.019178082191780823,0.14733460278916605,0.15155877746582033,950
call,730.0,2026-06-12,20.755000000000003,0.07671232876712329,0.16164650503374925,0.1760794062805176,38
call,730.0,2026-08-21,35.28,0.2684931506849315,0.16622184895429548,0.19276472526550292,12
call,730.0,2026-10-30,46.97,0.4602739726027397,0.17305935496114241,0.20693999855041498,24
call,730.0,2027-06-17,79.72999999999999,1.0904109589041096,0.19338790816153445,0.24540702110290527,15
call,730.0,2028-06-16,116.06,2.0904109589041098,0.19641360966368834,0.2659985510253906,3
call,731.0,2026-05-22,12.989999999999998,0.019178082191780823,0.15370747475363622,0.15485464294433599,545
call,731.0,2026-06-12,20.005,0.07671232876712329,0.16019555671335786,0.17438569763183598,4
call,731.0,2026-10-30,46.27,0.4602739726027397,0.1723881281981008,0.20600159240722654,2
call,732.0,2026-05-22,12.145,0.019178082191780823,0.15051542249382352,0.15253533020019533,175
call,732.0,2026-06-12,19.345,0.07671232876712329,0.1598027300252874,0.17347017944335938,6
call,732.0,2026-10-30,45.605000000000004,0.4602739726027397,0.17188110488637387,0.20508607421874997,2
call,733.0,2026-05-22,11.465,0.019178082191780823,0.1516995065049852,0.15293205474853522,1816
call,733.0,2026-06-12,18.655,0.07671232876712329,0.158880274510276,0.17231052307128908,11
call,733.0,2026-10-30,44.849999999999994,0.4602739726027397,0.17088537194292683,0.20386538330078124,1
call,734.0,2026-05-22,10.72,0.019178082191780823,0.15037361408793612,0.15100946655273442,54
call,734.0,2026-06-12,17.92,0.07671232876712329,0.15724893282733043,0.17003698623657232,4
call,734.0,2026-10-30,44.230000000000004,0.4602739726027397,0.17057356748255748,0.20342288284301757,2
call,735.0,2026-05-22,9.995000000000001,0.019178082191780823,0.14904628705590403,0.14887325744628904,389
call,735.0,2026-06-12,17.244999999999997,0.07671232876712329,0.15625668042643248,0.1688925885009766,55
call,735.0,2026-08-21,31.95,0.2684931506849315,0.1631853863683676,0.1880116600036621,77
call,735.0,2026-10-30,43.535,0.4602739726027397,0.16985212577790518,0.2022174505615234,59
call,735.0,2027-06-17,76.22999999999999,1.0904109589041096,0.19062215503151175,0.24087520606994625,8
call,735.0,2028-06-16,113.045,2.0904109589041098,0.19540004740099762,0.2640378162384033,1
call,736.0,2026-05-22,9.32,0.019178082191780823,0.14847804479905505,0.14820187744140628,689
call,736.0,2026-06-12,16.395,0.07671232876712329,0.15292299567154102,0.1651694812011719,43
call,736.0,2026-10-30,42.965,0.4602739726027397,0.16975652740516867,0.20198857101440426,1
call,737.0,2026-05-22,8.575,0.019178082191780823,0.1455031367834674,0.14466187377929687,229
call,737.0,2026-06-12,15.91,0.07671232876712329,0.15405009341027934,0.16596293029785159,44
call,737.0,2026-10-30,42.27,0.4602739726027397,0.16899496331793915,0.20099675964355468,2
call,738.0,2026-05-22,7.79,0.019178082191780823,0.14099048050225413,0.14020635192871095,411
call,738.0,2026-06-12,15.280000000000001,0.07671232876712329,0.1532048381555384,0.165047412109375,229
call,738.0,2026-10-30,41.465,0.4602739726027397,0.16764984459714977,0.1992343871307373,1
call,739.0,2026-05-22,7.195,0.019178082191780823,0.14069570473637782,0.13892462646484377,1133
call,739.0,2026-06-12,14.64,0.07671232876712329,0.1520905159902535,0.16301801345825195,303
call,739.0,2026-10-30,40.83,0.4602739726027397,0.1671582511197091,0.1984561966705322,5
call,740.0,2026-05-22,6.755,0.019178082191780823,0.14355358469695786,0.14057255920410155,20299
call,740.0,2026-06-12,14.035,0.07671232876712329,0.1512618727966671,0.1614768911743164,532
call,740.0,2026-08-21,28.6,0.2684931506849315,0.15909774334334906,0.18244225769042968,252
call,740.0,2026-10-30,40.325,0.4602739726027397,0.16730898927316443,0.19835701553344726,3
call,740.0,2027-06-17,72.32,1.0904109589041096,0.1863053527427469,0.23352817260742187,293
call,740.0,2028-06-16,110.155,2.0904109589041098,0.19461396678687323,0.2620084175872802,1
call,741.0,2026-05-22,6.18,0.019178082191780823,0.14240123583360814,0.13904669555664065,7525
call,741.0,2026-06-12,13.405000000000001,0.07671232876712329,0.1499759908395991,0.15988999298095702,719
call,741.0,2026-10-30,39.705,0.4602739726027397,0.16684989508487974,0.19763985961914063,6
call,742.0,2026-05-22,5.595000000000001,0.019178082191780823,0.1403480306419006,0.13697152099609378,16426
call,742.0,2026-06-12,12.805,0.07671232876712329,0.14890710649437158,0.15854723297119144,584
call,742.0,2026-10-30,38.91,0.4602739726027397,0.1654805303350492,0.19605296142578127,2
call,743.0,2026-05-22,5.125,0.019178082191780823,0.14043239040221706,0.13675790008544925,2731
call,743.0,2026-06-12,12.215,0.07671232876712329,0.1478058302879023,0.15717395568847659,187
call,743.0,2026-10-30,38.445,0.4602739726027397,0.16576598387089855,0.1961445132446289,14
call,744.0,2026-05-22,4.595000000000001,0.019178082191780823,0.13835771361040622,0.1345606564331055,1892
call,744.0,2026-06-12,11.65,0.07671232876712329,0.14685214261545418,0.15589223022460938,59
call,744.0,2026-10-30,37.825,0.4602739726027397,0.16524265293505244,0.19537395210266115,9
call,745.0,2026-05-22,4.154999999999999,0.019178082191780823,0.13780166085184115,0.133797724609375,5226
call,745.0,2026-06-12,11.065000000000001,0.07671232876712329,0.14549325442319663,0.15421378021240234,166
call,745.0,2026-08-21,25.65,0.2684931506849315,0.15669165304730884,0.1783529431152344,427
call,745.0,2026-10-30,37.21,0.4602739726027397,0.16472296150661506,0.19442791664123535,5
call,745.0,2027-06-17,68.92500000000001,1.0904109589041096,0.18358527231964683,0.229675366897583,25
call,745.0,2028-06-16,107.13499999999999,2.0904109589041098,0.19340386474169305,0.25990654041290284,1
call,746.0,2026-05-22,3.6950000000000003,0.019178082191780823,0.13602235046949035,0.13190565368652346,657
call,746.0,2026-06-12,10.469999999999999,0.07671232876712329,0.14384650624892717,0.15238274383544925,145
call,746.0,2026-10-30,36.66,0.4602739726027397,0.16450899289182572,0.19352002777099608,14
call,747.0,2026-05-22,3.285,0.019178082191780823,0.13476667115963295,0.13056289367675777,1160
call,747.0,2026-06-12,10.0,0.07671232876712329,0.14356356020791664,0.15174188110351564,52
call,748.0,2026-05-22,2.8899999999999997,0.019178082191780823,0.1331300307929815,0.12870134002685546,1127
call,748.0,2026-06-12,9.46,0.07671232876712329,0.14225160680215268,0.15030756927490235,148
call,749.0,2026-05-22,2.5599999999999996,0.019178082191780823,0.13247567172302435,0.127938408203125,1601
call,749.0,2026-06-12,9.0,0.07671232876712329,0.1417542835634423,0.14957515472412108,122
call,750.0,2026-05-22,2.2300000000000004,0.019178082191780823,0.13103544044833298,0.12641254455566403,10128
call,750.0,2026-06-12,8.48,0.07671232876712329,0.1403362240628512,0.1479272219848633,236
call,750.0,2026-08-21,22.79,0.2684931506849315,0.15384599187363002,0.17423311126708985,421
call,750.0,2026-10-30,34.29,0.4602739726027397,0.16257248116659828,0.190613257522583,5
call,750.0,2027-06-17,65.82,1.0904109589041096,0.18165935465622018,0.2266312689208984,19
call,750.0,2028-06-16,103.975,2.0904109589041098,0.19175518509396455,0.2577398140335083,1
call,755.0,2026-05-22,1.01,0.019178082191780823,0.12445101040205063,0.11963770996093749,4769
call,755.0,2026-06-12,6.34,0.07671232876712329,0.13629350244038974,0.14273928558349608,727
call,755.0,2026-08-21,20.119999999999997,0.2684931506849315,0.15117090973173655,0.17035741760253909,133
call,755.0,2026-10-30,31.41,0.4602739726027397,0.16005545897913606,0.18692829681396483,3
call,755.0,2027-06-17,62.989999999999995,1.0904109589041096,0.18045207802704785,0.22442639595031735,178
call,755.0,2028-06-16,101.02000000000001,2.0904109589041098,0.1905335625354879,0.2555006091308594,1
call,760.0,2026-05-22,0.405,0.019178082191780823,0.12081526716909305,0.11560942993164064,17390
call,760.0,2026-06-12,4.525,0.07671232876712329,0.13173295798493778,0.137352986907959,1041
call,760.0,2026-08-21,17.619999999999997,0.2684931506849315,0.14849466282317664,0.1665580171203614,280
call,760.0,2026-10-30,28.685,0.4602739726027397,0.15772758605273868,0.1834493276977539,25
call,760.0,2027-06-17,59.99,1.0904109589041096,0.17848209974527018,0.22153488433837887,3
call,760.0,2028-06-16,98.34,2.0904109589041098,0.18989946783023998,0.253925154914856,5
call,765.0,2026-05-22,0.155,0.019178082191780823,0.12033462460287887,0.11524322265625,1117
call,765.0,2026-06-12,3.185,0.07671232876712329,0.12903489295722154,0.13391979370117188,508
call,765.0,2026-08-21,15.325,0.2684931506849315,0.14601672049259737,0.16298749618530273,56
call,765.0,2026-10-30,26.04,0.4602739726027397,0.15519414743935547,0.17986354812622068,12
call,765.0,2027-06-17,57.015,1.0904109589041096,0.17639599438139633,0.21781177703857418,30
call,765.0,2028-06-16,94.965,2.0904109589041098,0.18746835666111064,0.2502287502288818,1
call,770.0,2026-05-22,0.065,0.019178082191780823,0.12352392382694863,0.1186611572265625,1353
call,770.0,2026-06-12,2.0999999999999996,0.07671232876712329,0.1252962763724307,0.12946427185058595,607
call,770.0,2026-08-21,13.265,0.2684931506849315,0.14393274617536095,0.15992051025390625,128
call,770.0,2026-10-30,23.545,0.4602739726027397,0.15278536402435244,0.1763922083282471,63
call,770.0,2027-06-17,54.275,1.0904109589041096,0.17487317434747757,0.21536276588439943,34
call,770.0,2028-06-16,92.39,2.0904109589041098,0.1869047390694787,0.24866855464935306,2
call,775.0,2026-05-22,0.045,0.019178082191780823,0.1350836904061476,0.129891513671875,240
call,775.0,2026-06-12,1.385,0.07671232876712329,0.123560142771922,0.12735858001708983,201
call,775.0,2026-08-21,11.34,0.2684931506849315,0.14155316091828987,0.15659412750244145,20
call,775.0,2026-10-30,21.380000000000003,0.4602739726027397,0.1514065741158817,0.17407289558410646,14
call,775.0,2027-06-17,51.495,1.0904109589041096,0.17301067696943673,0.21257043540954587,2
call,775.0,2028-06-16,89.69999999999999,2.0904109589041098,0.18596441665203067,0.24724187213897708,1
call,780.0,2026-05-22,0.035,0.019178082191780823,0.1476939813949857,0.141610146484375,505
call,780.0,2026-06-12,0.87,0.07671232876712329,0.12160960562543695,0.12488668090820312,173
call,780.0,2026-08-21,9.715,0.2684931506849315,0.14008517893845793,0.15433584930419925,114
call,780.0,2026-10-30,19.265,0.4602739726027397,0.1496402784643964,0.17134922897338867,514
call,780.0,2027-06-17,48.775,1.0904109589041096,0.17113041844223734,0.20977047561645507,1084
call,780.0,2028-06-16,86.77,2.0904109589041098,0.18435278587118684,0.24438469245910646,2
call,785.0,2026-05-22,0.025,0.019178082191780823,0.15805532740219486,0.15235222656250003,1109
call,785.0,2026-06-12,0.555,0.07671232876712329,0.12121079011751537,0.12397116271972657,39
call,785.0,2026-08-21,8.21,0.2684931506849315,0.13826613270713808,0.15169610519409182,79
call,785.0,2026-10-30,17.305,0.4602739726027397,0.14801960446960546,0.16879340736389162,19
call,785.0,2027-06-17,46.055,1.0904109589041096,0.16903312144125812,0.2067721535491943,835
call,785.0,2028-06-16,83.70500000000001,2.0904109589041098,0.18233026181028814,0.24142451698303222,177
call,790.0,2026-05-22,0.025,0.019178082191780823,0.17369148513412372,0.16700051757812504,6
call,790.0,2026-06-12,0.355,0.07671232876712329,0.12152328265237548,0.124032197265625,82
call,790.0,2026-08-21,6.890000000000001,0.2684931506849315,0.13662575573307026,0.14934627517700194,42
call,790.0,2026-10-30,15.45,0.4602739726027397,0.1462821292564523,0.16618418052673342,13
call,790.0,2027-06-17,43.480000000000004,1.0904109589041096,0.16718336213660884,0.20405611625671385,11
call,790.0,2028-06-16,81.235,2.0904109589041098,0.18163446065379257,0.23983380413055416,1
call,795.0,2026-05-22,0.025,0.019178082191780823,0.18908460640474115,0.18164880859375,35
call,795.0,2026-06-12,0.235,0.07671232876712329,0.1229241160438484,0.12525288818359376,25
call,795.0,2026-08-21,5.76,0.2684931506849315,0.13531086971370548,0.14737791107177733,1
call,795.0,2026-10-30,13.805,0.4602739726027397,0.1450119786687946,0.16416241119384767,79
call,795.0,2027-06-17,41.185,1.0904109589041096,0.16601651815768237,0.2020190882873535,15
call,795.0,2028-06-16,78.71000000000001,2.0904109589041098,0.18070940036568128,0.2383041258239746,189
call,800.0,2026-05-22,0.015,0.019178082191780823,0.19416309240353646,0.187508125,57
call,800.0,2026-06-12,0.155,0.07671232876712329,0.12441669145113794,0.12671771728515624,157
call,800.0,2026-08-21,4.75,0.2684931506849315,0.13378868729254936,0.14524170196533204,636
call,800.0,2026-10-30,12.27,0.4602739726027397,0.14368385135527087,0.16211775390625,6
call,800.0,2027-06-17,38.805,1.0904109589041096,0.1643446641634048,0.19947089599609374,56
call,800.0,2028-06-16,75.92,2.0904109589041098,0.17906201593446486,0.23210911941528317,2
call,805.0,2026-05-22,0.015,0.019178082191780823,0.20851667798362986,0.20117986328124998,1
call,805.0,2026-06-12,0.11499999999999999,0.07671232876712329,0.12798801446543606,0.13013565185546871,60
call,805.0,2026-08-21,3.97,0.2684931506849315,0.13331321742354713,0.1442346319580078,10
call,805.0,2026-10-30,10.86,0.4602739726027397,0.14239683704241463,0.16011887252807616,2
call,805.0,2027-06-17,36.39,1.0904109589041096,0.16232135330113728,0.1966327896118164,46
call,805.0,2028-06-16,73.285,2.0904109589041098,0.17768505253897357,0.2299614663314819,1
call,810.0,2026-05-22,0.015,0.019178082191780823,0.22268887327155662,0.2148516015625,2
call,810.0,2026-06-12,0.08499999999999999,0.07671232876712329,0.13133636112943337,0.13355358642578125,48
call,810.0,2026-08-21,3.2649999999999997,0.2684931506849315,0.13245865424939265,0.14283083740234376,55
call,810.0,2026-10-30,9.64,0.4602739726027397,0.1415924065634919,0.1586693020629883,1001
call,810.0,2027-06-17,34.3,1.0904109589041096,0.16112828186458084,0.19464916687011719,8
call,810.0,2028-06-16,70.65,2.0904109589041098,0.17621125222680026,0.22770700279235837,3
call,815.0,2026-05-22,0.015,0.019178082191780823,0.23669010137939428,0.22852333984375,1
call,815.0,2026-06-12,0.07500000000000001,0.07671232876712329,0.1373852506130437,0.139657041015625,154
call,815.0,2026-08-21,2.69,0.2684931506849315,0.1319795363703966,0.1419763537597656,153
call,815.0,2026-10-30,8.495000000000001,0.4602739726027397,0.14059749766766125,0.1570213693237305,1
call,815.0,2027-06-17,32.120000000000005,1.0904109589041096,0.15939597371717476,0.19212767719268803,1
call,815.0,2028-06-16,68.225,2.0904109589041098,0.1751314133431606,0.22587978107452394,61
call,820.0,2026-05-22,0.015,0.019178082191780823,0.2505285907600906,0.242195078125,22
call,820.0,2026-06-12,0.060000000000000005,0.07671232876712329,0.14161341077679987,0.1450280810546875,1
call,820.0,2026-08-21,2.2,0.2684931506849315,0.13148777061040617,0.14093876647949222,12
call,820.0,2026-10-30,7.470000000000001,0.4602739726027397,0.1397315716787121,0.15561757476806642,23
call,820.0,2027-06-17,30.189999999999998,1.0904109589041096,0.15825530744314006,0.19023942092895513,9
call,820.0,2028-06-16,65.76,2.0904109589041098,0.17385780382859176,0.22384656776428216,1
call,825.0,2026-05-22,0.015,0.019178082191780823,0.2642121300503852,0.25586681640625003,5
call,825.0,2026-06-12,0.055,0.07671232876712329,0.14785446154224888,0.14991084472656252,3
call,825.0,2026-08-21,1.8,0.2684931506849315,0.1312331039954976,0.14029790374755857,57
call,825.0,2026-10-30,6.5600000000000005,0.4602739726027397,0.1390172014053822,0.15436636657714847,33
call,825.0,2027-06-17,28.295,1.0904109589041096,0.15699026936363525,0.18822146625518799,1
call,825.0,2028-06-16,63.32,2.0904109589041098,0.17254149011824443,0.22178665184020993,2
call,830.0,2026-05-22,0.015,0.019178082191780823,0.27774762410135745,0.26758544921875,2
call,830.0,2026-06-12,0.045,0.07671232876712329,0.15205546092170552,0.15430533203125002,12
call,830.0,2026-08-21,1.45,0.2684931506849315,0.13070477352015958,0.13941290283203128,26
call,830.0,2026-10-30,5.765000000000001,0.4602739726027397,0.1385254962122317,0.15332877929687502,3
call,830.0,2027-06-17,26.465000000000003,1.0904109589041096,0.15569984616963825,0.18621495555877682,18
call,830.0,2028-06-16,60.974999999999994,2.0904109589041098,0.17134586528163184,0.21985261966705322,2
call,835.0,2026-05-22,0.015,0.019178082191780823,0.2911409293508621,0.28125718749999995,156
call,835.0,2026-06-12,0.045,0.07671232876712329,0.15937838930678971,0.16162947753906248,146
call,835.0,2026-08-21,1.1949999999999998,0.2684931506849315,0.13099725063589954,0.13953497192382813,5
call,835.0,2026-10-30,5.025,0.4602739726027397,0.13783150912059058,0.15216912292480472,3
call,835.0,2027-06-17,24.744999999999997,1.0904109589041096,0.15454244220367952,0.18436484588623048,9
call,835.0,2028-06-16,58.54,2.0904109589041098,0.16983596924403127,0.21762867340087888,16
call,840.0,2026-05-22,0.01,0.019178082191780823,0.2939653109502309,0.27735097656249996,1
call,840.0,2026-08-21,0.99,0.2684931506849315,0.13151390615491637,0.139657041015625,24
call,840.0,2026-10-30,4.385,0.4602739726027397,0.13735614559094977,0.15125360473632815,4
call,840.0,2027-06-17,23.085,1.0904109589041096,0.15334531931039497,0.1824956629180908,1
call,840.0,2028-06-16,56.425,2.0904109589041098,0.16897158983359165,0.21605321918487547,1
call,845.0,2026-05-22,0.02,0.019178082191780823,0.3258166916709584,0.2890696093749999,188
call,845.0,2026-06-12,0.035,0.07671232876712329,0.16940226447887077,0.17188328125000002,5
call,845.0,2026-10-30,3.795,0.4602739726027397,0.1367028599640548,0.1501702415466309,18
call,845.0,2027-06-17,21.525,1.0904109589041096,0.15225454631680954,0.18075617835998534,1034
call,845.0,2028-06-16,54.015,2.0904109589041098,0.16730882896585533,0.2136766865539551,1
call,850.0,2026-05-22,0.01,0.019178082191780823,0.3193383297776111,0.3007882421875,28
call,850.0,2026-06-12,0.025,0.07671232876712329,0.17071483042987387,0.17383638671875,62
call,850.0,2026-08-21,0.66,0.2684931506849315,0.13204230307976983,0.1397791101074219,390
call,850.0,2026-10-30,3.33,0.4602739726027397,0.13670348070643712,0.14974299972534183,54
call,850.0,2027-06-17,19.95,1.0904109589041096,0.1508482714836562,0.17867337448120119,9
call,850.0,2028-06-16,52.045,2.0904109589041098,0.16657494012840252,0.21226907733917239,56
call,855.0,2026-05-22,0.01,0.019178082191780823,0.3318465193379284,0.31250687499999996,18
call,855.0,2026-06-12,0.025,0.07671232876712329,0.17741214341998665,0.180672255859375,293
call,855.0,2026-10-30,2.885,0.4602739726027397,0.13634366243950968,0.14908687835693357,2
call,855.0,2027-06-17,18.59,1.0904109589041096,0.1499891707054982,0.17721617469787596,26
call,855.0,2028-06-16,49.945,2.0904109589041098,0.16542801445426286,0.21044185562133788,1
call,860.0,2026-05-22,0.01,0.019178082191780823,0.3442404509413337,0.3242255078124999,5
call,860.0,2026-06-12,0.025,0.07671232876712329,0.18404556021611687,0.187508125,120
call,860.0,2026-08-21,0.455,0.2684931506849315,0.13354184959845197,0.14069462829589846,196
call,860.0,2026-10-30,2.5149999999999997,0.4602739726027397,0.1362958404290088,0.1485680847167969,10
call,860.0,2027-06-17,17.385,1.0904109589041096,0.1494850762868358,0.17612518218994144,5
call,860.0,2028-06-16,47.845,2.0904109589041098,0.16417190290005623,0.20851545276641842,1
call,865.0,2026-05-22,0.01,0.019178082191780823,0.3565238536220948,0.335944140625,5
call,865.0,2026-06-12,0.025,0.07671232876712329,0.19061697050928111,0.19336744140625,1
call,865.0,2026-10-30,2.165,0.4602739726027397,0.13593228512965355,0.14801877380371098,9
call,865.0,2027-06-17,16.16,1.0904109589041096,0.1486629380793743,0.1747595342254639,5
call,865.0,2028-06-16,45.82,2.0904109589041098,0.16298419458163582,0.20668060173034664,24
call,870.0,2026-05-22,0.02,0.019178082191780823,0.3909729742362746,0.3437565625,51
call,870.0,2026-06-12,0.025,0.07671232876712329,0.19712820289387267,0.20020331054687499,60
call,870.0,2026-08-21,0.335,0.2684931506849315,0.13638784473334964,0.14331911376953127,41
call,870.0,2026-10-30,1.8900000000000001,0.4602739726027397,0.13608152764319195,0.14783567016601565,1
call,870.0,2027-06-17,14.95,1.0904109589041096,0.14764624886556005,0.1731802653503418,2
call,870.0,2028-06-16,44.0,2.0904109589041098,0.16217804144481698,0.20521577262878415,2
call,875.0,2026-05-22,0.01,0.019178082191780823,0.3807701012402039,0.35938140625,168
call,875.0,2026-06-12,0.015,0.07671232876712329,0.19462747241426243,0.1992267578125,40
call,875.0,2027-06-17,13.850000000000001,1.0904109589041096,0.14683058590637396,0.17183750534057618,33
call,875.0,2028-06-16,42.0,2.0904109589041098,0.1608264560735683,0.20321689125061035,2
call,880.0,2026-05-22,0.01,0.019178082191780823,0.392738319568054,0.367193828125,0
call,880.0,2026-06-12,0.015,0.07671232876712329,0.20078869336749805,0.20508607421874997,2
call,880.0,2026-08-21,0.255,0.2684931506849315,0.13972858214522882,0.1463708410644531,101
call,880.0,2027-06-17,12.93,1.0904109589041096,0.14655117680174087,0.1710287976074219,26
call,880.0,2028-06-16,40.33,2.0904109589041098,0.16016500365697087,0.20195042442321778,3
call,885.0,2026-05-22,0.01,0.019178082191780823,0.4046069640319552,0.3789124609375,3
call,885.0,2026-06-12,0.015,0.07671232876712329,0.2068977529306045,0.21094539062499998,100
call,885.0,2027-06-17,11.985,1.0904109589041096,0.1459316659071569,0.16994543441772464,10
call,885.0,2028-06-16,38.545,2.0904109589041098,0.15911206291102922,0.20026815975189205,3
call,890.0,2026-05-22,0.01,0.019178082191780823,0.4163784013743511,0.39063109375,1
call,890.0,2026-08-21,0.195,0.2684931506849315,0.1429763525423687,0.149422568359375,5
call,890.0,2027-06-17,11.115,1.0904109589041096,0.1454180042485697,0.16896888168334961,14
call,890.0,2028-06-16,36.865,2.0904109589041098,0.15820554699063696,0.19876518405914306,8
call,895.0,2026-05-22,0.02,0.019178082191780823,0.45328684588749346,0.398443515625,20
call,895.0,2026-06-12,0.015,0.07671232876712329,0.21896376093079195,0.22266402343749997,200
call,895.0,2027-06-17,10.254999999999999,1.0904109589041096,0.14471050358753862,0.16779396667480473,15
call,895.0,2028-06-16,35.225,2.0904109589041098,0.1572861718754725,0.19725839370727538,1
call,900.0,2026-08-21,0.165,0.2684931506849315,0.14784026207861584,0.15430533203125002,3
call,900.0,2027-06-17,9.49,1.0904109589041096,0.14422967881652035,0.16684793121337893,13
call,900.0,2028-06-16,33.629999999999995,2.0904109589041098,0.15636660148753648,0.19574778869628906,6
call,905.0,2026-08-21,0.14500000000000002,0.2684931506849315,0.14937666837909025,0.1557701611328125,99
call,905.0,2027-06-17,8.825,1.0904109589041096,0.1440384533390377,0.1662833616638184,25
call,905.0,2028-06-16,32.08,2.0904109589041098,0.15544715592222624,0.19426007164001466,6
call,910.0,2026-08-21,0.135,0.2684931506849315,0.151879366615179,0.15821154296875,1
call,910.0,2027-06-17,8.155,1.0904109589041096,0.14360260114317042,0.16544413665771485,1
call,910.0,2028-06-16,30.59,2.0904109589041098,0.15456746475250727,0.19282575981140135,3
call,915.0,2026-08-21,0.125,0.2684931506849315,0.1542311102708247,0.1606529248046875,6
call,915.0,2027-06-17,7.495,1.0904109589041096,0.14298690824008747,0.16443706665039062,44
call,915.0,2028-06-16,29.08,2.0904109589041098,0.15351773726567494,0.1912159736633301,1
call,920.0,2026-08-21,0.11499999999999999,0.2684931506849315,0.15641912410478573,0.1626060302734375,252
call,920.0,2027-06-17,6.970000000000001,1.0904109589041096,0.14292976227044144,0.16399456619262698,414
call,920.0,2028-06-16,27.715,2.0904109589041098,0.15273479663301898,0.18988465763092044,3
call,925.0,2026-08-21,0.10500000000000001,0.2684931506849315,0.15842659611165047,0.1645591357421875,3
call,925.0,2027-06-17,6.4399999999999995,1.0904109589041096,0.14263859927258854,0.16333844482421878,5
call,925.0,2028-06-16,26.52,2.0904109589041098,0.15229975115102606,0.18896913944244387,1
call,930.0,2026-08-21,0.095,0.2684931506849315,0.16023237804362606,0.16651224121093755,40
call,930.0,2027-06-17,5.945,1.0904109589041096,0.1423542271868337,0.16268232345581057,12
call,930.0,2028-06-16,25.235,2.0904109589041098,0.15150942177992793,0.1876530820465088,10
call,935.0,2026-08-21,0.08499999999999999,0.2684931506849315,0.1618082180148181,0.16797707031250003,10
call,935.0,2027-06-17,5.484999999999999,1.0904109589041096,0.1420889351121351,0.16208723663330077,66
call,935.0,2028-06-16,23.945,2.0904109589041098,0.15058710863100527,0.18621495555877682,2
call,940.0,2026-08-21,0.08499999999999999,0.2684931506849315,0.16523083378375236,0.1713950048828125,8
call,940.0,2027-06-17,5.07,1.0904109589041096,0.1419293495944262,0.1616447361755371,4
call,940.0,2028-06-16,22.91,2.0904109589041098,0.15027388260062777,0.18545965305328366,82
call,945.0,2026-08-21,0.08499999999999999,0.2684931506849315,0.16862692004957094,0.174812939453125,102
call,945.0,2027-06-17,4.68,1.0904109589041096,0.141751305810187,0.1611717184448242,3
call,945.0,2028-06-16,21.8,2.0904109589041098,0.14963922969402718,0.18434958724975586,2
call,950.0,2026-08-21,0.07500000000000001,0.2684931506849315,0.16981326290115054,0.17627776855468752,5
call,950.0,2027-06-17,4.33,1.0904109589041096,0.14168267043420815,0.1608055111694336,4
call,950.0,2028-06-16,20.71,2.0904109589041098,0.14895034893755227,0.18316322826385495,49
call,955.0,2026-08-21,0.065,0.2684931506849315,0.17067375461237855,0.1772543212890625,1
call,955.0,2027-06-17,3.975,1.0904109589041096,0.14137685561646315,0.1601646484375,10
call,955.0,2028-06-16,19.705,2.0904109589041098,0.14840319113079972,0.18218286087036134,15
call,960.0,2026-08-21,0.065,0.2684931506849315,0.17392222186843068,0.1801839794921875,1
call,960.0,2027-06-17,3.6950000000000003,1.0904109589041096,0.14151112079421976,0.16004257934570312,10
call,960.0,2028-06-16,18.744999999999997,2.0904109589041098,0.14788416552507713,0.18122919609069824,1
call,965.0,2026-08-21,0.065,0.2684931506849315,0.17714675607406866,0.18360191406249998,1
call,965.0,2027-06-17,3.41,1.0904109589041096,0.1414283114702605,0.15966111343383788,1
call,965.0,2028-06-16,17.755000000000003,2.0904109589041098,0.14715996715226937,0.18006191040039063,1
call,970.0,2026-08-21,0.055,0.2684931506849315,0.1774712708234527,0.1840901904296875,150
call,970.0,2027-06-17,3.135,1.0904109589041096,0.14125019756325394,0.15927964752197266,1
call,970.0,2028-06-16,16.884999999999998,2.0904109589041098,0.14670471520748513,0.17919216812133787,1
call,975.0,2026-08-21,0.055,0.2684931506849315,0.18060843442045477,0.1870198486328125,102
call,975.0,2027-06-17,2.92,1.0904109589041096,0.14148631359013136,0.15923387161254882,13
call,975.0,2028-06-16,16.1,2.0904109589041098,0.1464231387212383,0.1784979001617432,40
call,980.0,2026-08-21,0.055,0.2684931506849315,0.18372361375526478,0.19043778320312502,3
call,980.0,2027-06-17,2.7,1.0904109589041096,0.14151467135512055,0.1590355093383789,2
call,980.0,2028-06-16,15.3,2.0904109589041098,0.1459908698489228,0.17767393379211424,61
call,985.0,2026-08-21,0.045,0.2684931506849315,0.18337105917366364,0.18994950683593753,101
call,985.0,2027-06-17,2.49,1.0904109589041096,0.141481931352002,0.15876085388183597,5
call,985.0,2028-06-16,7.1,2.0904109589041098,0.11647669769143267,0.1447381669616699,1
call,990.0,2026-08-21,0.045,0.2684931506849315,0.18639680805725406,0.1928791650390625,5
call,990.0,2027-06-17,2.32,1.0904109589041096,0.14174948632104295,0.1588524057006836,2
call,990.0,2028-06-16,13.825,2.0904109589041098,0.14524464265166992,0.17614807014465333,1
call,995.0,2026-08-21,0.045,0.2684931506849315,0.1894019457125697,0.196297099609375,7
call,995.0,2027-06-17,2.1550000000000002,1.0904109589041096,0.1419358030885173,0.15876085388183597,107
call,995.0,2028-06-16,13.08,2.0904109589041098,0.1446867220838683,0.17523255195617674,1
call,1000.0,2026-08-21,0.04,0.2684931506849315,0.19036098590555495,0.1992267578125,2
call,1000.0,2027-06-17,2.0,1.0904109589041096,0.1421040451809072,0.1588218884277344,14
call,1000.0,2028-06-16,12.475000000000001,2.0904109589041098,0.14453926744363382,0.17472138763427736,24
call,1005.0,2027-06-17,1.85,1.0904109589041096,0.1421918177311292,0.15869981933593752,2
call,1005.0,2028-06-16,11.855,2.0904109589041098,0.1442424712073233,0.17408052490234377,27
call,1010.0,2027-06-17,1.73,1.0904109589041096,0.14256533799421844,0.15891344024658205,1
call,1010.0,2028-06-16,11.254999999999999,2.0904109589041098,0.1439248486337755,0.17342440353393557,1
call,1015.0,2027-06-17,1.615,1.0904109589041096,0.14289266437839074,0.1590049920654297,2
call,1015.0,2028-06-16,10.69,2.0904109589041098,0.14364859886722242,0.1727987994384766,382
call,1020.0,2027-06-17,1.51,1.0904109589041096,0.14325704720969198,0.15931016479492188,67
call,1020.0,2028-06-16,10.184999999999999,2.0904109589041098,0.1435244055015634,0.17239444557189945,4
call,1025.0,2028-06-16,9.620000000000001,2.0904109589041098,0.14305424560705127,0.1715628498840332,1
call,1030.0,2027-06-17,1.32,1.0904109589041096,0.14397537424050416,0.15973740661621094,9
call,1030.0,2028-06-16,9.165,2.0904109589041098,0.1429603688064252,0.1712042719268799,1
call,1040.0,2027-06-17,1.1549999999999998,1.0904109589041096,0.14470304443670098,0.16010361389160155,9
call,1040.0,2028-06-16,8.295,2.0904109589041098,0.1426956432568799,0.1703726762390137,1
call,1045.0,2028-06-16,7.915,2.0904109589041098,0.14269462729608762,0.1700598741912842,40
call,1050.0,2027-06-17,1.0150000000000001,1.0904109589041096,0.1455130159137143,0.1606529248046875,1
call,1050.0,2028-06-16,7.505000000000001,2.0904109589041098,0.14246635013086476,0.16955633918762208,1
call,1060.0,2027-06-17,0.9,1.0904109589041096,0.14649817359054257,0.1612937875366211,2
call,1060.0,2028-06-16,6.835,2.0904109589041098,0.14251460188626117,0.16911383872985844,1
call,1070.0,2027-06-17,0.795,1.0904109589041096,0.1473730263187874,0.16205671936035154,1
call,1070.0,2028-06-16,6.21,2.0904109589041098,0.14250172901693534,0.168602674407959,1
call,1080.0,2027-06-17,0.71,1.0904109589041096,0.14845092112467095,0.16285016845703126,10
call,1080.0,2028-06-16,5.65,2.0904109589041098,0.14255860237628312,0.16820594985961917,1
call,1090.0,2027-06-17,0.635,1.0904109589041096,0.14952432536899965,0.1638877557373047,1
call,1090.0,2028-06-16,5.119999999999999,2.0904109589041098,0.14250455712021268,0.16771767349243166,1
call,1100.0,2027-06-17,0.565,1.0904109589041096,0.15046159575909,0.16468120483398438,1500
call,1100.0,2028-06-16,4.675000000000001,2.0904109589041098,0.14270980086397747,0.16750405258178713,3
call,1110.0,2027-06-17,0.51,1.0904109589041096,0.1516523366507744,0.16553568847656253,4
call,1110.0,2028-06-16,4.279999999999999,2.0904109589041098,0.14300132771555454,0.1674582766723633,2
call,1120.0,2027-06-17,0.45499999999999996,1.0904109589041096,0.15258115973956324,0.16651224121093755,7
call,1120.0,2028-06-16,3.92,2.0904109589041098,0.14330531291363469,0.16733620758056644,1
call,1130.0,2027-06-17,0.41000000000000003,1.0904109589041096,0.15367071139961413,0.16724465576171876,414
call,1130.0,2028-06-16,3.5999999999999996,2.0904109589041098,0.14368588859379103,0.16739724212646484,2
call,1140.0,2027-06-17,0.37,1.0904109589041096,0.15475513908470082,0.1682212084960938,68
call,1140.0,2028-06-16,3.325,2.0904109589041098,0.14421970235282866,0.16767189758300782,1
call,1150.0,2027-06-17,0.33499999999999996,1.0904109589041096,0.15586730400581295,0.1695639685058594,1
call,1150.0,2028-06-16,3.05,2.0904109589041098,0.14455330752866663,0.1676566389465332,26
call,1160.0,2027-06-17,0.3,1.0904109589041096,0.15674967136684675,0.1700522448730469,6
call,1160.0,2028-06-16,2.8200000000000003,2.0904109589041098,0.1450940536982184,0.1679312944030762,1
call,1170.0,2027-06-17,0.28,1.0904109589041096,0.15834126066158635,0.17151707397460939,31
call,1170.0,2028-06-16,2.625,2.0904109589041098,0.14579778233995597,0.16834327758789067,1
call,1180.0,2027-06-17,0.25,1.0904109589041096,0.15910981492679144,0.17224948852539065,3
call,1180.0,2028-06-16,2.425,2.0904109589041098,0.14628645312464789,0.16858741577148442,1
call,1190.0,2027-06-17,0.22999999999999998,1.0904109589041096,0.1603756687513102,0.1733481103515625,1
call,1190.0,2028-06-16,2.265,2.0904109589041098,0.1470401381733582,0.16910620941162113,2
call,1200.0,2027-06-17,0.21000000000000002,1.0904109589041096,0.16147714942531036,0.1744467321777344,82
call,1200.0,2028-06-16,2.115,2.0904109589041098,0.14776585779597248,0.16950293395996097,1
call,1210.0,2027-06-17,0.195,1.0904109589041096,0.16283531988841443,0.17627776855468752,26
call,1210.0,2028-06-16,1.9699999999999998,2.0904109589041098,0.14841049899765477,0.1700217276000977,1
call,1220.0,2027-06-17,0.18,1.0904109589041096,0.16405919083220208,0.17701018310546873,3
call,1220.0,2028-06-16,1.845,2.0904109589041098,0.14916897305593643,0.17051000396728522,1
call,1230.0,2027-06-17,0.16499999999999998,1.0904109589041096,0.16513526140614085,0.17847501220703127,2
call,1230.0,2028-06-16,1.73,2.0904109589041098,0.14993500578152477,0.1710287976074219,1
call,1240.0,2027-06-17,0.1,1.0904109589041096,0.1596817229366011,0.1726156958007813,10
call,1240.0,2028-06-16,1.625,2.0904109589041098,0.1507211028527418,0.17170017761230472,1
call,1250.0,2027-06-17,0.14500000000000002,1.0904109589041096,0.1679421062368604,0.18140467041015623,5
call,1250.0,2028-06-16,1.53,2.0904109589041098,0.15154108619510936,0.17228000579833985,50
call,1260.0,2027-06-17,0.135,1.0904109589041096,0.16918500443806106,0.18262536132812499,6
call,1260.0,2028-06-16,1.4449999999999998,2.0904109589041098,0.1524100460226609,0.17310397216796874,1
call,1270.0,2027-06-17,0.125,1.0904109589041096,0.17030890098154258,0.18384605224609374,1
call,1270.0,2028-06-16,1.37,2.0904109589041098,0.15334411587274357,0.1738058694458008,2
call,1280.0,2027-06-17,0.12,1.0904109589041096,0.17199336958903527,0.1848226049804687,1
call,1280.0,2028-06-16,1.29,2.0904109589041098,0.15410068222820172,0.1744162149047852,400
call,1290.0,2027-06-17,0.115,1.0904109589041096,0.17361929044690005,0.1870198486328125,1
call,1290.0,2028-06-16,1.225,2.0904109589041098,0.15502582338524748,0.1751181121826172,200
call,1300.0,2027-06-17,0.105,1.0904109589041096,0.17442912453339574,0.18799640136718748,6
call,1300.0,2028-06-16,1.1549999999999998,2.0904109589041098,0.1557711454847006,0.17572845764160155,5
call,1310.0,2027-06-17,0.11499999999999999,1.0904109589041096,0.17818779986054487,0.1901936450195313,6
call,1310.0,2028-06-16,1.1,2.0904109589041098,0.15671726041345072,0.17664397583007813,1
call,1320.0,2027-06-17,0.095,1.0904109589041096,0.17729508966918348,0.1909260595703125,11
call,1320.0,2028-06-16,0.375,2.0904109589041098,0.13860728645518972,0.15808947387695313,1
call,1330.0,2027-06-17,0.09,1.0904109589041096,0.1786223940081509,0.1914143359375,1
call,1330.0,2028-06-16,0.565,2.0904109589041098,0.14734349382416526,0.166573275756836,7
call,1340.0,2027-06-17,0.085,1.0904109589041096,0.1798747447339337,0.19361157958984376,67
call,1340.0,2028-06-16,0.9450000000000001,2.0904109589041098,0.1593087414810406,0.17878018493652342,1
call,1350.0,2028-06-16,0.9,2.0904109589041098,0.16017195994430267,0.179695703125,50
call,1360.0,2028-06-16,0.885,2.0904109589041098,0.16169206048376786,0.1804891522216797,89
